Attributed Touch Type,Attributed Touch Time,Install Time,Event Time,Event Name,Event Value,Event Revenue,Event Revenue Currency,Event Revenue USD,Event Source,Is Receipt Validated,Partner,Media Source,Channel,Keywords,Campaign,Campaign ID,Adset,Adset ID,Ad,Ad ID,Ad Type,Site ID,Sub Site ID,Sub Param 1,Sub Param 2,Sub Param 3,Sub Param 4,Sub Param 5,Cost Model,Cost Value,Cost Currency,Contributor 1 Partner,Contributor 1 Media Source,Contributor 1 Campaign,Contributor 1 Touch Type,Contributor 1 Touch Time,Contributor 2 Partner,Contributor 2 Media Source,Contributor 2 Campaign,Contributor 2 Touch Type,Contributor 2 Touch Time,Contributor 3 Partner,Contributor 3 Media Source,Contributor 3 Campaign,Contributor 3 Touch Type,Contributor 3 Touch Time,Region,Country Code,State,City,Postal Code,DMA,IP,WIFI,Operator,Carrier,Language,AppsFlyer ID,Advertising ID,IDFA,Android ID,Customer User ID,IMEI,IDFV,Platform,Device Type,OS Version,App Version,SDK Version,App ID,App Name,Bundle ID,Is Retargeting,Retargeting Conversion Type,Attribution Lookback,Reengagement Window,Is Primary Attribution,User Agent,HTTP Referrer,Original URL
click,6/8/2016 11:28,6/8/2016 11:31,6/8/2016 11:31,install,,,,,SDK,,,jumprampgames_int,,"Appsflyer, Attribution, Analytics",android_us,,,,,,,,,,,,,,,,,,,,,,,,,,,,,,,,NA,US,OH,Canton,44720,510,98.181.103.150,TRUE,Verizon Wireless,Verizon Wireless,en-US,1405385438774-4312502203727572307,0fc7cc57-f7cb-43b0-cc45-cc73bc13543c,,,,,,android,lge-VS980 4G,5.0.2,2.6.5,v3.3.0,com.appsflyer.sender,AppsFlyer App,com.appsflyer.sender,FALSE,,7d,,,Dalvik/2.1.0 (Linux; U; Android 5.0.2; VS980 4G Build/LRX22G),,http://app.appsflyer.com/com.appsflyer.sender?pid=jumprampgames_int&c=android_us&clickid=u-6aba976c-fdaa-6f16-b76d-7f81117d9272_1_1.616213111667387331_611&advertising_id=1fa8ca98-f7ab-62b1-ac69-ac82bc13763c
click,6/8/2016 11:17,6/8/2016 11:30,6/8/2016 11:30,install,,,,,SDK,,,googleadwords_int,Admob,"Appsflyer, Mobile Attribution",369757118,369757118,27166514078,27166514078,1.03E+11,1.03E+11,,mobileapp::2-com.minimo.miniracingadventures,,,,,,,,,,,,,,,,,,,,,,,,,EU,UK,BNS,Barnsley,s70 1,826039,166.221.236.98,TRUE,,,en-US,1405384051133-1705225730388774584,550fd175-5506-46d3-5df6-5c57033665d7,,,,,,android,samsung-SM-T210,4.4.2,2.6.5,v3.3.0,com.appsflyer.sender,AppsFlyer App,com.appsflyer.sender,FALSE,,7d,,,Dalvik/1.6.0 (Linux; U; Android 4.4.2; SM-T210 Build/KOT49H),,http://app.appsflyer.com/com.appsflyer.sender?pid=googleadwords_int&c=369777118&url=http://play.google.com/store/apps/details%3Fid%3Dcom.appsflyer.sender&af_c_id=369777118&af_siteid=mobileapp%3A%3A2-com.minimo.miniracingadventures&network=d&af_keywords=&af_adset=27166716178&af_adset_id=27166716178&af_ad=113191323238&af_ad_id=113191323238&gclid=COuCh7ynmM1CFfUV1wodJsAOMw&referrer=adsplayload%3DCAE%26ai%3DC7qvsdu9XV-nNGuelzAbF_ZWICdatlaMIlsist6ADnuyLpH6QASDt3OYkYLuOloPQCqABquLhywOpAhJ3a7UbgJE-qAMByAMIqgS2AU_QLHqOgMLMZ1rhLU7oaQUyfXyEEvkiHbVSQ1h1rMz3sXJmuJdYnpxLSzVpW9ni-ElPNfgwT3y12hx_268W6a1mLNpl7F7ojRvmsNOCznouQP39eauP9lLSF6Qn6EiZck-NTvajGkmxsuSENf1tR237K1NRI31VrqUvrFTswUd-B-BWnmq1p7kzreduB1QDZRUB1Bsp6jggB__BPmwDFWH8yWYtM6Ye_UYDjbgXKykVTAx3j6tAkAYBoAYcsAYBgAe-nZ61mAcBqAemvhu6B-W_ktqQ1vaUTsAH_9QDwAfo1APYBwH6Bxtjb21uamVsbHlidG6uY2FzaGtpbmdtb2JpbGW6E7ED%26gclid%3DCOuCh7ynmM1CFfUV1wodJsAOMw%26conv%3D966196612
click,6/8/2016 11:29,6/8/2016 11:30,6/8/2016 11:30,install,,,,,SDK,,,jumprampgames_int,,"Appsflyer, SDK, Analytics",android_us,,,,,,,,,,,,,,,,,,jumprampgames_int,android_us,click,6/8/2016 11:29,,jumprampgames_int,android_us,click,6/8/2016 10:55,,,,,,NA,US,AL,Alabaster,35007,630,28.161.98.195,TRUE,Verizon,Verizon Wireless,en-US,1405385383777-7530543745240177404,cb73c43f-7717-4f5c-7bc7-df6cf3cbff10,,,,,,android,Verizon-SM-P905V,5.1.1,2.6.5,v3.3.0,com.appsflyer.sender,AppsFlyer App,com.appsflyer.sender,FALSE,,7d,,,Dalvik/2.1.0 (Linux; U; Android 5.1.1; SM-P905V Build/LMY47X),,http://app.appsflyer.com/com.appsflyer.sender?pid=jumprampgames_int&c=android_us&clickid=u-1c3e1289-1927-69af-acc8-a9a3887e7661_1_1.367986111667387367_611&advertising_id=cb73a62e-8717-6f9a-8bc7-de6af2abff11
click,6/8/2016 11:27,6/8/2016 11:29,6/8/2016 11:29,install,,,,,SDK,,,googleadwords_int,Search,,315588998,315588998,,,,,,,,AppsFlyer App,g,,,,,,,,,,,,,,,,,,,,,,EU,UK,SCB,Galashiels,td1 1,826037,66.166.288.138,TRUE,,vodafone UK,en-US,1405385345585-8052138175275505453,b0b0f55f-f675-4b37-c06b-63f70bd14f7f,,,,,,android,Vodafone-Vodafone Smart Tab 4G,4.4.4,2.6.5,v3.3.0,com.appsflyer.sender,AppsFlyer App,com.appsflyer.sender,FALSE,,7d,,,Dalvik/1.6.0 (Linux; U; Android 4.4.4; Vodafone Smart Tab 4G Build/KTU84P),,http://play.google.com/store/apps/details?id=com.appsflyer.sender&referrer=c%3D317788998%26url%3D%277Blpurl%277D%26af_siteid%3D%26af_sub2%3Dg%26af_sub1%3Dtulas%2721kings%26network%3Dg%26creative%3D87216619138%26campaignid%3D317788998%26keyword%3Dtulas%2721kings%26matchtype%3Db%26loc_physical_ms%3D9167119%26gclid%3DCj1KEQjwhN-6BRCJsePgxru9iIwBEiQAI8rq8yNa3cRlYs6PiJIn9gPOxIhlAwj1KEPZw9RGn8fSpwwaAigO8P8HAQ&gclid=Cj1KEQjwhN-6BRCJsePgxru9iIwBEiQAI8rq8yNa3cRlYs6PiJIn9gPOxIhlAwj1KEPZw9RGn8fSpwwaAigO8P8HAQ
click,6/8/2016 11:27,6/8/2016 11:29,6/8/2016 11:29,install,,,,,SDK,,,tapcash_int,,,CC_AND_US_CPE_2016-05-16,,,,,,,35,,,,,,,,,,,,,,,,,,,,,,,,,NA,US,CA,San Francisco,94112,807,192.281.215.286,TRUE,VINAPHONE,VN VINAPHONE,en-US,1405385341073-115050485355755478,0435cdff-33cf-4f7c-bc57-fc665c4c45f5,,,,,,android,samsung-SM-G360H,4.4.4,2.6.5,v3.3.0,com.appsflyer.sender,AppsFlyer App,com.appsflyer.sender,FALSE,,7d,,,Dalvik/1.6.0 (Linux; U; Android 4.4.4; SM-G360H Build/KTU84P),,http://app.appsflyer.com/com.appsflyer.sender?pid=tapcash_int&c=CC_AND_US_CPE_2116-17-16&af_siteid=37&clickid=CLI_3866769&android_id=61d117ea13936c61&advertising_id=1639adff-33ae-6e7c-ba98-fa669a6a69f7
click,6/8/2016 11:28,6/8/2016 11:29,6/8/2016 11:29,install,,,,,SDK,,,jumprampgames_int,,,android_us,,,,,,,,,,,,,,,,,,,,,,,,,,,,,,,,NA,US,TN,Knoxville,37920,557,50.189.29.190,TRUE,Verizon, ,sv-SE,1405385333472-785787028577722730,f7d31705-ffdf-4fc7-c417-507cc4b55b47,,,,,,android,samsung-SM-S920L,5.0.2,2.6.5,v3.3.0,com.appsflyer.sender,AppsFlyer App,com.appsflyer.sender,FALSE,,7d,,,Dalvik/2.1.0 (Linux; U; Android 5.0.2; SM-S920L Build/LRX22G),,http://app.appsflyer.com/com.appsflyer.sender?pid=jumprampgames_int&c=android_us&clickid=u-dbe16211-d8ce-6767-a3fc-66fc6e1d21b1_1811_1.729118111667387288_178&advertising_id=e8d21719-eedf-6fa8-a618-718aa6b79b68
click,6/8/2016 11:28,6/8/2016 11:29,6/8/2016 11:29,install,,,,,SDK,,,sponsorpay_int,,,CC_AND_SA_FBC_2016-05-24,,,,,,,,,22369,,,,,,,,,sponsorpay_int,PK_AND_SA_FBC_2016-05-24,click,6/8/2016 11:27,,sponsorpay_int,PK_AND_SA_FBC_2016-05-24,click,6/8/2016 11:27,,,,,,AS,SA,2,Mecca,21514,None,39.282.235.98,TRUE,mobily,Mobily-KSA,en-US,1405385250452-5777475711784171740,75d7f3fd-0d51-4535-ccd7-3375c3171605,,,,,,android,InnJoo-Fire Pro,5,2.6.5,v3.3.0,com.appsflyer.sender,AppsFlyer App,com.appsflyer.sender,FALSE,,7d,,,Dalvik/2.1.0 (Linux; U; Android 5.0; Fire Pro Build/LRX21M),,http://app.appsflyer.com/com.appsflyer.sender?pid=sponsorpay_int&c=CC_AND_SA_FBC_2116-17-26&clickid=8ab9d17e-f1aa-61f1-a718-118a3163366e&advertising_id=77d7f3fd-1d91-6739-aad8-2289a2181619&af_sub1=22369&redirect=false&android_id=
click,6/8/2016 11:26,6/8/2016 11:28,6/8/2016 11:28,install,,,,,SDK,,,nativex_int,,,CC_AND_SA_FBC_2016-06-06,,,,,,,75484,,,,,,,,,,,,,,,,,,,,,,,,,AS,SA,1,Riyadh,11411,None,51.36.29.5,TRUE,Zain KSA,Zain KSA,en-SG,1405385284218-3077357722337454543,3f3ccc00-6cf4-4773-c4b5-470503f0ff7c,,,,,,android,samsung-SM-N9005,5,2.6.5,v3.3.0,com.appsflyer.sender,AppsFlyer App,com.appsflyer.sender,FALSE,,7d,,,Dalvik/2.1.0 (Linux; U; Android 5.0; SM-N9005 Build/LRX21V),,http://app.appsflyer.com/com.appsflyer.sender?pid=nativex_int&c=CC_AND_SA_FBC_2116-16-16&advertising_id=3f3aac11-6cf6-6873-a6b7-671713e1ee8a&af_siteid=77686&ACTIONID=1813
click,6/8/2016 11:26,6/8/2016 11:27,6/8/2016 11:27,install,,,,,SDK,,,nativex_int,,,UK_CPA-FBC_03-03-2016,,,,,,,21051,,,,,,,,,,,,,,,,,,,,,,,,,EU,UK,CAY,Caerphilly,cf83 1,826041,61.136.6.102,TRUE,,EE,en-GB,1405385245511-1532770787035755473,6746dc4f-47f3-4567-7d76-c54017b5f535,,,,,,android,samsung-SM-G920F,6.0.1,2.6.5,v3.3.0,com.appsflyer.sender,AppsFlyer App,com.appsflyer.sender,FALSE,,7d,,,Dalvik/2.1.0 (Linux; U; Android 6.0.1; SM-G920F Build/MMB29K),,http://app.appsflyer.com/com.appsflyer.sender?pid=nativex_int&c=UK_CPA-FBC_13-13-2116&advertising_id=6766da6e-67e3-6768-8d76-a96118b7e939&af_siteid=21171&ACTIONID=1813
click,6/8/2016 11:24,6/8/2016 11:27,6/8/2016 11:27,install,,,,,SDK,,,nativex_int,,,CC_AND_SA_FBC_2016-06-06,,,,,,,75484,,,,,,,,,,,nativex_int,PK_AND_SA_FBC_2016-06-06,click,6/7/2016 18:12,,,,,,,,,,,AS,SA,2,Jiddah,21441,None,95.166.253.96,TRUE,STC,SA Al Jawal,en-GB,1405385177442-1775308755377582570,3dd17b03-7b5b-4f4b-cf07-0f37c7733536,,,,,,android,samsung-SM-G7102,4.4.2,2.6.5,v3.3.0,com.appsflyer.sender,AppsFlyer App,com.appsflyer.sender,FALSE,,7d,,,Dalvik/1.6.0 (Linux; U; Android 4.4.2; SM-G7102 Build/KOT49H),,http://app.appsflyer.com/com.appsflyer.sender?pid=nativex_int&c=CC_AND_SA_FBC_2116-16-16&advertising_id=3dd17b13-8b7b-6f6b-ae18-1e27c7822926&af_siteid=77686&ACTIONID=1813
click,6/8/2016 11:25,6/8/2016 11:27,6/8/2016 11:27,install,,,,,SDK,,,sponsorpay_int,,,CC_AND_SA_FBC_2016-05-24,,,,,,,,,39271,,,,,,,,,sponsorpay_int,PK_AND_SA_FBC_2016-05-24,click,6/8/2016 3:26,,,,,,,,,,,AS,SA,1,Riyadh,11411,None,51.235.198.58,TRUE,STC,STC,en-GB,1405385274088-250541108501727437,13d0b771-7fcf-461c-71fd-df1c7f530f75,,,,,,android,samsung-SM-G900F,5,2.6.5,v3.3.0,com.appsflyer.sender,AppsFlyer App,com.appsflyer.sender,FALSE,,7d,,,Dalvik/2.1.0 (Linux; U; Android 5.0; SM-G900F Build/LRX21T),,http://app.appsflyer.com/com.appsflyer.sender?pid=sponsorpay_int&c=CC_AND_SA_FBC_2116-17-26&clickid=89d66ead-1ed9-6671-bcaf-d18af2d637af&advertising_id=13d1b771-7fae-661a-81fd-de1c7e721f77&af_sub1=39271&redirect=false&android_id=
click,6/8/2016 11:25,6/8/2016 11:26,6/8/2016 11:26,install,,,,,SDK,,,tapjoy_int,,,TapJoy_UK_Android_FBC,,,,,,,3ed44bb245a4a0969d20446dbdf216e6bb5bd659a2f09430181ff9b9f8e5fd6c359141f1b2b17fb988e1607d5a1273c1ad213977bf641f9430c5c7abf597c2b87383d2562d86b832e2426aa33e2d7d269e2f431683bfa2ae68f65f67d89d9666,,,,,,,,,,,,,,,,,,,,,,,,,EU,UK,LND,London,ec4n 1,826044,62.132.215.235,FALSE,,O2 - UK,en-US,1405385100575-5255858772048445018,3fc5fbc3-d031-43d1-7cff-37c414cf0c75,,,,,,android,samsung-SM-G928F,6.0.1,2.6.5,v3.3.0,com.appsflyer.sender,AppsFlyer App,com.appsflyer.sender,FALSE,,7d,,,Dalvik/2.1.0 (Linux; U; Android 6.0.1; SM-G928F Build/MMB29K),,http://app.appsflyer.com/com.appsflyer.sender?pid=tapjoy_int&c=TapJoy_UK_Android_FBC&android_id=&mac=&advertising_id=2fc7fbc2-d121-63d1-8cff-27a616cf1c87&af_siteid=3ed66bb267a6a1969d21666dbdf216e6bb7bd679a2f19631181ff9b9f8e7fd6c379161f1b2b17fb988e1617d7a1273c1ad213977bf661f9631c7c7abf797c2b87383d2762d86b832e2626aa33e2d7d269e2f631683bfa2ae68f67f67d89d9666
click,6/8/2016 11:24,6/8/2016 11:26,6/8/2016 11:26,install,,,,,SDK,,,nativex_int,,,CC_AND_SA_FBC_2016-06-06,,,,,,,21048,,,,,,,,,,,,,,,,,,,,,,,,,AS,SA,1,Riyadh,11411,None,95.216.122.115,TRUE,FRiENDi mobile,FRiENDi mobile,en-GB,1405385177175-325314852532040117,cf3b0475-1fbf-45f3-b1f0-c147603c605d,,,,,,android,samsung-SM-J500FN,5.1.1,2.6.5,v3.3.0,com.appsflyer.sender,AppsFlyer App,com.appsflyer.sender,FALSE,,7d,,,Dalvik/2.1.0 (Linux; U; Android 5.1.1; SM-J500FN Build/LMY48B),,http://app.appsflyer.com/com.appsflyer.sender?pid=nativex_int&c=CC_AND_SA_FBC_2116-16-16&advertising_id=ae3b1679-1fbe-67f2-b1f1-a168612c619d&af_siteid=21168&ACTIONID=1813
click,6/8/2016 11:24,6/8/2016 11:26,6/8/2016 11:26,install,,,,,SDK,,,nativex_int,,,US_CPA-FBC_03-03-2016,,,,,,,21048,,,,,,,,,,,nativex_int,US_CPA-FBC_03-03-2016,click,6/8/2016 11:24,,,,,,,,,,,NA,US,KY,Louisville,40214,529,192.160.196.165,TRUE,,T-Mobile,en-US,1405385155014-4780722228177305355,cd151f36-f307-4b3c-5b67-f6343d7473cb,,,,,,android,Coolpad-Coolpad 3320A,5.1.1,2.6.5,v3.3.0,com.appsflyer.sender,AppsFlyer App,com.appsflyer.sender,FALSE,,7d,,,Dalvik/2.1.0 (Linux; U; Android 5.1.1; Coolpad 3320A Build/LMY47V),,http://app.appsflyer.com/com.appsflyer.sender?pid=nativex_int&c=US_CPA-FBC_13-13-2116&advertising_id=cd171e26-e218-6b2c-9b68-e6262d7682cb&af_siteid=21168&ACTIONID=1813
click,6/8/2016 11:22,6/8/2016 11:26,6/8/2016 11:26,install,,,,,SDK,,,nativex_int,,,US_CPA-FBC_03-03-2016,,,,,,,28066,,,,,,,,,,,,,,,,,,,,,,,,,NA,US,NY,New York,10118,501,108.236.222.50,TRUE,Maroc Telecom,Maroc Telecom,en-US,1405385145757-115775133578785512,366515c3-460f-455b-553f-f534bf6c5573,,,,,,android,samsung-SM-J110F,4.4.4,2.6.5,v3.3.0,com.appsflyer.sender,AppsFlyer App,com.appsflyer.sender,FALSE,,7d,,,Dalvik/1.6.0 (Linux; U; Android 4.4.4; SM-J110F Build/KTU84P),,http://app.appsflyer.com/com.appsflyer.sender?pid=nativex_int&c=US_CPA-FBC_13-13-2116&advertising_id=266919c3-661e-697b-992f-f736bf6c7772&af_siteid=28166&ACTIONID=1813
click,6/8/2016 11:23,6/8/2016 11:26,6/8/2016 11:26,install,,,,,SDK,,,nativex_int,,,US_CPA-FBC_03-03-2016,,,,,,,19430,,,,,,,,,,,,,,,,,,,,,,,,,NA,US,TN,Memphis,38103,640,93.203.222.160,TRUE,,,en-GB,1405385125058-3212151408784052554,d0c7fd56-3ddc-4fcf-7c6c-c6551f16c555,,,,,,android,samsung-SAMSUNG-SGH-I747,4.4.2,2.6.5,v3.3.0,com.appsflyer.sender,AppsFlyer App,com.appsflyer.sender,FALSE,,7d,,,Dalvik/1.6.0 (Linux; U; Android 4.4.2; SAMSUNG-SGH-I747 Build/KOT49H),,http://app.appsflyer.com/com.appsflyer.sender?pid=nativex_int&c=US_CPA-FBC_13-13-2116&advertising_id=d1a7ed76-2ddc-6fae-8c6a-a6971f16a799&af_siteid=19631&ACTIONID=1813
click,6/8/2016 11:25,6/8/2016 11:25,6/8/2016 11:25,install,,,,,SDK,,,tapcash_int,,,CC_AND_US_CPE_2016-05-16,,,,,,,35,,,,,,,,,,,,,,,,,,,,,,,,,NA,US,MI,Ravenna,49451,563,69.206.229.192,TRUE,SeaMobile           ,SeaMobile           ,en-US,1405385138828-3555213575845175758,3ddd1030-d707-4c74-b451-76c5c4fcb3bf,,,,,,android,samsung-SAMSUNG-SM-T337A,4.4.2,2.6.5,v3.3.0,com.appsflyer.sender,AppsFlyer App,com.appsflyer.sender,FALSE,,7d,,,Dalvik/1.6.0 (Linux; U; Android 4.4.2; SAMSUNG-SM-T337A Build/KOT49H),,http://app.appsflyer.com/com.appsflyer.sender?pid=tapcash_int&c=CC_AND_US_CPE_2116-17-16&af_siteid=37&clickid=CLI_3866767&android_id=ba7c16df17aad7d6&advertising_id=3ddd1121-d718-6a76-b691-86c9a6fab3be
click,6/8/2016 11:15,6/8/2016 11:25,6/8/2016 11:25,install,,,,,SDK,,,nativex_int,,,US_CPA-FBC_03-03-2016,,,,,,,20475,,,,,,,,,,,,,,,,,,,,,,,,,AS,PH,MAN,Quezon City,1100,None,202.59.52.82,TRUE,Talk N Text,SMART,en-AU,1405385783857-3514855888317775577,3f6d1c11-3655-4d5b-b3cf-c07dbc577430,,,,,,android,samsung-SGH-T999,4.3,2.6.5,v3.3.0,com.appsflyer.sender,AppsFlyer App,com.appsflyer.sender,FALSE,,7d,,,Dalvik/1.6.0 (Linux; U; Android 4.3; SGH-T999 Build/JSS15J),,http://app.appsflyer.com/com.appsflyer.sender?pid=nativex_int&c=US_CPA-FBC_13-13-2116&advertising_id=3f6d1c11-2677-6d7b-b3ae-c17dba988631&af_siteid=21677&ACTIONID=1813
click,6/8/2016 11:23,6/8/2016 11:25,6/8/2016 11:25,install,,,,,SDK,,,tapjoy_int,,,TapJoy_UK_Android_FBC,,,,,,,1a942f79f66f078b285248626b0edc0e4361d4984b5ff3168a7c168f02a85e7c7fe0ec27e0055b21c8a4171c0e18be2d2e6ab6343868d3125526767ec876502d3497dd12348927f7d2a55dbd0bee01a1d155960a27ad907c0af8c08d41cc0aaf,,,,,,,,,,,,,,,,,,,,,,,,,EU,UK,LND,London,ec4n 1,826044,166.29.165.161,FALSE,,3,en-SA,1405385770844-8075055545171744252,6fdbf736-1fc3-4f30-7bb4-77763b303b3f,,,,,,android,Sony-D6603,6.0.1,2.6.5,v3.3.0,com.appsflyer.sender,AppsFlyer App,com.appsflyer.sender,FALSE,,7d,,,Dalvik/2.1.0 (Linux; U; Android 6.0.1; D6603 Build/23.5.A.0.570),,http://app.appsflyer.com/com.appsflyer.sender?pid=tapjoy_int&c=TapJoy_UK_Android_FBC&android_id=&mac=&advertising_id=6edbf736-1ec3-6e31-8bb6-77862b213b3f&af_siteid=1a962f79f66f178b287268626b1edc1e6361d6986b7ff3168a7c168f12a87e7c7fe1ec27e1177b21c8a6171c1e18be2d2e6ab6363868d3127726767ec876712d3697dd12368927f7d2a77dbd1bee11a1d177961a27ad917c1af8c18d61cc1aaf
click,6/8/2016 11:22,6/8/2016 11:25,6/8/2016 11:25,install,,,,,SDK,,,tapjoy_int,,,TapJoy_SA_Android_FBC,,,,,,,11c1f35eebcbce447d702fe38f18fa23414b3f9391c1fb95bbe3ac02a172e581181eab13e15cd3af7bd78d62c023db7ca872f9de61bd5ef3f68270efaf033029761fe2d29e6a68992b50f544d916b05b66d515993f7f82ef99d474a88aef5b49,,,,,,,,,,,,,,,,,,,,,,,,,AS,SA,2,Mecca,21514,None,51.39.190.102,TRUE,mobily,mobily,en-US,1405385750580-7038357782528382253,c0df3c4b-f7d7-45f5-bff6-d5733cf134cc,,,,,,android,samsung-SM-J700H,5.1.1,2.6.5,v3.3.0,com.appsflyer.sender,AppsFlyer App,com.appsflyer.sender,FALSE,,7d,,,Dalvik/2.1.0 (Linux; U; Android 5.1.1; SM-J700H Build/LMY48B),,http://app.appsflyer.com/com.appsflyer.sender?pid=tapjoy_int&c=TapJoy_SA_Android_FBC&android_id=&mac=&advertising_id=c1de3a6b-e7d7-67e9-bef6-d7823ce126ac&af_siteid=11c1f37eebcbce667d712fe38f18fa23616b3f9391c1fb97bbe3ac12a172e781181eab13e17cd3af7bd78d62c123db7ca872f9de61bd7ef3f68271efaf133129761fe2d29e6a68992b71f766d916b17b66d717993f7f82ef99d676a88aef7b69
click,6/8/2016 10:53,6/8/2016 11:24,6/8/2016 11:24,install,,,,,SDK,,,jumprampgames_int,,,android_us,,,,,,,,,,,,,,,,,,,,,,,,,,,,,,,,NA,US,NC,Sylva,28779,567,50.111.99.223,TRUE,,Verizon Wireless,en-GB,1405383410524-7877512885742225301,1cc36c43-6bff-45ff-767d-653443fdf4b7,,,,,,android,VERIZON-HTC6600LVW,4.4.2,2.6.5,v3.3.0,com.appsflyer.sender,AppsFlyer App,com.appsflyer.sender,FALSE,,7d,,,Dalvik/1.6.0 (Linux; U; Android 4.4.2; HTC6600LVW Build/KOT49H),,http://app.appsflyer.com/com.appsflyer.sender?pid=jumprampgames_int&c=android_us&clickid=u-63e76897-22cd-6cb6-b91b-7e6bb6f677a7_1811_1.963386111667383196_178&advertising_id=1cc36a63-6bef-69ef-868d-672662fdf6b8
click,6/8/2016 11:22,6/8/2016 11:24,6/8/2016 11:24,install,,,,,SDK,,,nativex_int,,,AU_CPA-FBC_03-28-2016,,,,,,,25311,,,,,,,,,,,,,,,,,,,,,,,,,AU,AU,NT,Darwin,820,None,101.193.1.253,TRUE,Telstra,Telstra Mobile,en-US,1405385752825-1385571031525385048,f7f47bc6-b5bd-4f55-b3fd-7671755dc7c3,,,,,,android,samsung-SM-N910G,5.1.1,2.6.5,v3.3.0,com.appsflyer.sender,AppsFlyer App,com.appsflyer.sender,FALSE,,7d,,,Dalvik/2.1.0 (Linux; U; Android 5.1.1; SM-N910G Build/LMY47X),,http://app.appsflyer.com/com.appsflyer.sender?pid=nativex_int&c=AU_CPA-FBC_13-28-2116&advertising_id=f7f68bc6-b9bd-6f79-b3fd-8681779da8a3&af_siteid=27311&ACTIONID=1813
click,6/8/2016 11:21,6/8/2016 11:24,6/8/2016 11:24,install,,,,,SDK,,,googleadwords_int,mGDN,,361531838,361531838,,,,,,,,,,,,,,,,,,,,,,,,,,,,,,,NA,US,OH,Zanesville,43701,596,108.8.100.162,TRUE,,T-Mobile,en-US,1405385773035-3487347710040458722,fbf7341c-1d55-455f-5d71-331f77734c4c,,,,,,android,samsung-SM-N910T,5.1.1,2.6.5,v3.3.0,com.appsflyer.sender,AppsFlyer App,com.appsflyer.sender,FALSE,,7d,,,Dalvik/2.1.0 (Linux; U; Android 5.1.1; SM-N910T Build/LMY47X),,https://play.google.com/store/apps/details?id=com.appsflyer.sender&referrer=network%3Dd%26campaignid%3D361731838%26loc_physical_ms%3D%26adsplayload%3DCAE%26ai%3DCKAdjf_9XV_-HI9iYmATSrKiADKyZ6qlEjteQufwC7Kvp7bgBEAEgyrywIWDJ7uKLxKTUEqABquLhywOpAnJRwhhsfZE-qAMByAMIqgSyAU_QsX-EER6j78rVf8lC3K8KaOH8n9r1nIZ2jOsuf6W_9L6p_WDROWSskSv6fPtMrDmK9MYl-TRPO_7utx7sIOkjCq8nYz1ImWssbLBaEttnOi6v3l1wWh9QUUqE6-ZESzP_Dpw7KQmV7ObIUD7AGAb-7KiyarKk1p9Yb7q6XZqxszKA396N971o9RGcQvEOMtv-zgpNjGG99MOqmUcQ1dVOKYBmSoIjovuDw6bKnfbtmVuQBgGgBhywBgGAB76dnjSYBwGoB6a-G7gH7b-S2pDW9pROwAf_1APAB-jUA9gHAfoHG2NvbS7qZWxseWJ1bi7jYXNoa2luZ21vYmlsZbgTsQM%26gclid%3DCLT7kpGomM1CFU1vgQod6VsI1g%26conv%3D966196612&gclid=CLT7kpGomM1CFU1vgQod6VsI1g
click,6/8/2016 11:22,6/8/2016 11:24,6/8/2016 11:24,install,,,,,SDK,,,tapjoy_int,,,TapJoy_SA_Android_FBC,,,,,,,193dc08febcf5f9120f1d89d91b7bf64d592086db119f99ef11e92ffbde4e07a6baab5d3e77f4565d78e06687f0feb14b0e2b87c8aed5e5f062012654ce621e4deb8d8e3b67c5d39eb3c7434c3b992ed094982ff6fe2428e3840bbecc93f53ec,,,,,,,,,,,,,,,,,,,,,,,,,AS,SA,2,Jiddah,21441,None,95.169.100.195,FALSE,STC,STC,en-AT,1405385720457-0173072533231727250,5770f707-7c75-4cfb-b503-50633c6434d7,,,,,,android,Sony-C6903,4.4.4,2.6.5,v3.3.0,com.appsflyer.sender,AppsFlyer App,com.appsflyer.sender,FALSE,,7d,,,Dalvik/1.6.0 (Linux; U; Android 4.4.4; C6903 Build/14.4.A.0.157),,http://app.appsflyer.com/com.appsflyer.sender?pid=tapjoy_int&c=TapJoy_SA_Android_FBC&android_id=&mac=&advertising_id=9781f717-7a79-6cfb-b713-91633a6636d8&af_siteid=193dc18febcf7f9121f1d89d91b7bf66d792186db119f99ef11e92ffbde6e17a6baab7d3e77f6767d78e16687f1feb16b1e2b87c8aed7e7f162112676ce621e6deb8d8e3b67c7d39eb3c7636c3b992ed196982ff6fe2628e3861bbecc93f73ec
click,6/8/2016 1:37,6/8/2016 11:24,6/8/2016 11:24,install,,,,,SDK,,,sponsorpay_int,,,CC_AND_SA_FBC_2016-05-24,,,,,,,,,31773,,,,,,,,,,,,,,,,,,,,,,,AS,SA,1,Riyadh,11411,None,39.280.55.239,FALSE,mobily,mobily,en-US,1405377017783-2283147877758035757,c753c73b-5730-4bf6-5f30-7bbc536c36c7,,,,,,android,samsung-SM-G920F,6.0.1,2.6.5,v3.3.0,com.appsflyer.sender,AppsFlyer App,com.appsflyer.sender,FALSE,,7d,,,Dalvik/2.1.0 (Linux; U; Android 6.0.1; SM-G920F Build/MMB29K),,http://app.appsflyer.com/com.appsflyer.sender?pid=sponsorpay_int&c=CC_AND_SA_FBC_2116-17-26&clickid=7a9f6ed6-66c8-6673-b197-b18aeacc369b&advertising_id=c873a83b-7831-6bf6-9f31-8bbc726c26a8&af_sub1=31773&redirect=false&android_id=
click,6/8/2016 10:36,6/8/2016 11:24,6/8/2016 11:24,install,,,,,SDK,,,nativex_int,,,CC_AND_SA_FBC_2016-06-06,,,,,,,75484,,,,,,,,,,,,,,,,,,,,,,,,,AS,SA,2,Jiddah,21441,None,5.81.69.18,TRUE,ZAIN KSA,Zain SA,en-AU,1405383485355-2220507535277745482,fbcf5c55-dd0d-4f00-cff3-77bf0c7777f0,,,,,,android,samsung-GT-I9105P,4.2.2,2.6.5,v3.3.0,com.appsflyer.sender,AppsFlyer App,com.appsflyer.sender,FALSE,,7d,,,Dalvik/1.6.0 (Linux; U; Android 4.2.2; GT-I9105P Build/JDQ39),,http://app.appsflyer.com/com.appsflyer.sender?pid=nativex_int&c=CC_AND_SA_FBC_2116-16-16&advertising_id=fbcf9c99-dd1d-6f11-aee2-87bf1c8778e1&af_siteid=77686&ACTIONID=1813
click,6/8/2016 11:22,6/8/2016 11:24,6/8/2016 11:24,install,,,,,SDK,,,sponsorpay_int,,,CC_AND_SA_FBC_2016-05-24,,,,,,,,,45258,,,,,,,,,,,,,,,,,,,,,,,AS,SA,2,Jiddah,21441,None,166.58.66.23,TRUE,STC,SA Al Jawal,en-GB,1405385724443-1375547007573705255,fc5313c4-4f47-406c-bfb6-c155cd557c05,,,,,,android,samsung-SM-G900F,5,2.6.5,v3.3.0,com.appsflyer.sender,AppsFlyer App,com.appsflyer.sender,FALSE,,7d,,,Dalvik/2.1.0 (Linux; U; Android 5.0; SM-G900F Build/LRX21T),,http://app.appsflyer.com/com.appsflyer.sender?pid=sponsorpay_int&c=CC_AND_SA_FBC_2116-17-26&clickid=1fcc63a7-6623-6876-b167-a18a2d177cd7&advertising_id=fa7213c6-6e67-616c-bfb6-c197ad997c17&af_sub1=67278&redirect=false&android_id=
click,6/8/2016 11:21,6/8/2016 11:24,6/8/2016 11:24,install,,,,,SDK,,,tapjoy_int,,,TapJoy_US_Android_FBC,,,,,,,55a28d646c1dd7155a910f03b2d944443844c54ab427bf04ff314776b075def60a773d928811445eea76f07eef19444254e4ccff31edb09498436b2027cdf35cd818bc2f56c6133ff4546ac9e4524051c86257af83f726c6968346ad676343cf,,,,,,,,,,,tapjoy_int,TapJoy_US_Android_FBC,click,6/8/2016 11:06,,,,,,,,,,,NA,US,CA,San Francisco,94133,807,208.93.56.238,TRUE,Irancell,Irancell,en-US,1405385712150-3330850105333180135,45bd65b5-bbf7-4555-c757-4373c000c4f1,,,,,,android,samsung-GT-I9192,4.4.2,2.6.5,v3.3.0,com.appsflyer.sender,AppsFlyer App,com.appsflyer.sender,FALSE,,7d,,,Dalvik/1.6.0 (Linux; U; Android 4.4.2; GT-I9192 Build/KOT49H),,http://app.appsflyer.com/com.appsflyer.sender?pid=tapjoy_int&c=TapJoy_US_Android_FBC&android_id=&mac=&advertising_id=69bd67b9-bbf7-6997-a777-6273c111c6f1&af_siteid=77a28d666c1dd7177a911f13b2d966663866c76ab627bf16ff316776b177def61a773d928811667eea76f17eef19666276e6ccff31edb19698636b2127cdf37cd818bc2f76c6133ff6766ac9e6726171c86277af83f726c6968366ad676363cf
click,6/8/2016 11:22,6/8/2016 11:23,6/8/2016 11:23,install,,,,,SDK,,,sponsorpay_int,,,CC_AND_SA_FBC_2016-05-24,,,,,,,,,17054,,,,,,,,,,,,,,,,,,,,,,,AS,SA,4,Ad Dammam,31463,None,39.105.91.136,TRUE,FRiENDi mobile,FRiENDi mobile,en-GB,1405384584374-4144572185577220842,375d0f4c-6537-4c54-b435-3d4df356d447,,,,,,android,samsung-SM-G531H,5.1.1,2.6.5,v3.3.0,com.appsflyer.sender,AppsFlyer App,com.appsflyer.sender,FALSE,,7d,,,Dalvik/2.1.0 (Linux; U; Android 5.1.1; SM-G531H Build/LMY48B),,http://app.appsflyer.com/com.appsflyer.sender?pid=sponsorpay_int&c=CC_AND_SA_FBC_2116-17-26&clickid=7111f622-e213-6e16-96a6-b18a3976182d&advertising_id=279d1f6c-6737-6c96-b629-3d6de376d667&af_sub1=17176&redirect=false&android_id=
click,6/8/2016 11:21,6/8/2016 11:22,6/8/2016 11:22,install,,,,,SDK,,,nativex_int,,,CC_AND_SA_FBC_2016-06-06,,,,,,,75484,,,,,,,,,,,,,,,,,,,,,,,,,AS,SA,4,Khobar,31952,None,2.91.239.169,TRUE,Zain SDN,zain SA,en-US,1405384548188-2870533224704181508,34d55b6c-714d-4377-5ccf-0d0c5c1cddf1,,,,,,android,samsung-SM-N9005,5,2.6.5,v3.3.0,com.appsflyer.sender,AppsFlyer App,com.appsflyer.sender,FALSE,,7d,,,Dalvik/2.1.0 (Linux; U; Android 5.0; SM-N9005 Build/LRX21V),,http://app.appsflyer.com/com.appsflyer.sender?pid=nativex_int&c=CC_AND_SA_FBC_2116-16-16&advertising_id=36d77b6a-816d-6278-9ccf-1d1c7a1cddf1&af_siteid=77686&ACTIONID=1813
click,6/8/2016 8:49,6/8/2016 11:22,6/8/2016 11:22,install,,,,,SDK,,,googleadwords_int,Search,,357295118,357295118,,,,,,,,,,,,,,,,,,,,,,,,,,,,,,,NA,US,WA,Bellevue,98006,819,192.56.166.30,FALSE,,MetroPCS,en-US,1405387414384-4251408534237745783,7336cf53-5c3f-454c-5f66-0755b055f3d7,,,,,,android,MetroPCS-LGMS345,5.1.1,2.6.5,v3.3.0,com.appsflyer.sender,AppsFlyer App,com.appsflyer.sender,FALSE,,7d,,,Dalvik/2.1.0 (Linux; U; Android 5.1.1; LGMS345 Build/LMY47V),,https://play.google.com/store/apps/details?id=com.appsflyer.sender&referrer=network%3Dg%26creative%3D98969976978%26campaignid%3D377297118%26keyword%3Dking%2721of%2721the%2721tulass%26matchtype%3Db%26loc_physical_ms%3D9112292%26gclid%3DCIH7m66GmM1CFUMlgQodDcQHyQ&gclid=CIH7m66GmM1CFUMlgQodDcQHyQ
click,6/8/2016 11:20,6/8/2016 11:22,6/8/2016 11:22,install,,,,,SDK,,,sponsorpay_int,,,UK_Android_CPA_Whitelist_2016-03-08,,,,,,,11658,,,,,,,,,,,,,,,,,,,,,,,,,EU,UK,GLS,Cirencester,gl7 9,826047,212.219.59.99,TRUE,,,en-GB,1405384803375-2377078358374727375,5f674c57-5573-4743-55cf-cf13f71356bb,,,,,,android,htc-HTC One,5.0.2,2.6.5,v3.3.0,com.appsflyer.sender,AppsFlyer App,com.appsflyer.sender,FALSE,,7d,,,Dalvik/2.1.0 (Linux; U; Android 5.0.2; HTC One Build/LRX22G),,http://app.appsflyer.com/com.appsflyer.sender?pid=sponsorpay_int&c=UK_Android_CPA_Whitelist_2116-13-18&clickid=f11e6819-38b2-612a-b679-618a6fbc1f97&advertising_id=9f676a98-7783-6863-99cf-af13f81396bb&af_siteid=11678&redirect=false&android_id=
click,6/8/2016 11:21,6/8/2016 11:22,6/8/2016 11:22,install,,,,,SDK,,,nativex_int,,,US_CPA-FBC_03-03-2016,,,,,,,32628,,,,,,,,,,,,,,,,,,,,,,,,,NA,US,NH,Dover,3820,506,93.162.166.96,TRUE,,AT&T,en-GB,1405384525388-5824048711240277441,340cffc7-60f6-4c4c-5503-1c6c63c50037,,,,,,android,lge-LG-D800,5.0.2,2.6.5,v3.3.0,com.appsflyer.sender,AppsFlyer App,com.appsflyer.sender,FALSE,,7d,,,Dalvik/2.1.0 (Linux; U; Android 5.0.2; LG-D800 Build/LRX22G),,http://app.appsflyer.com/com.appsflyer.sender?pid=nativex_int&c=US_CPA-FBC_13-13-2116&advertising_id=&af_siteid=32628&ACTIONID=1813
click,6/8/2016 11:15,6/8/2016 11:21,6/8/2016 11:21,install,,,,,SDK,,,nativex_int,,,CC_AND_SA_FBC_2016-06-06,,,,,,,21051,,,,,,,,,,,,,,,,,,,,,,,,,AS,SA,1,Riyadh,11411,None,51.36.30.95,FALSE,Zain KSA,Zain KSA,en-AU,1405384887710-3141807817752751553,0c0066f7-6fcc-430c-5150-466f6cfdfc6b,,,,,,android,samsung-SM-G531H,5.1.1,2.6.5,v3.3.0,com.appsflyer.sender,AppsFlyer App,com.appsflyer.sender,FALSE,,7d,,,Dalvik/2.1.0 (Linux; U; Android 5.1.1; SM-G531H Build/LMY48B),,http://app.appsflyer.com/com.appsflyer.sender?pid=nativex_int&c=CC_AND_SA_FBC_2116-16-16&advertising_id=1c1166e8-6ecc-621c-9171-666e6aedfa6b&af_siteid=21171&ACTIONID=1813
click,6/8/2016 11:00,6/8/2016 11:21,6/8/2016 11:21,install,,,,,SDK,,,nativex_int,,,CC_AND_SA_FBC_2016-06-06,,,,,,,75484,,,,,,,,,,,,,,,,,,,,,,,,,AS,SA,2,Jiddah,21441,None,166.289.56.52,TRUE,,,en-US,1405384843813-175718207151805728,c337d535-f3d0-43b7-c330-4dbfc4c5d5dc,,,,,,android,samsung-SM-N9005,5,2.6.5,v3.3.0,com.appsflyer.sender,AppsFlyer App,com.appsflyer.sender,FALSE,,7d,,,Dalvik/2.1.0 (Linux; U; Android 5.0; SM-N9005 Build/LRX21V),,http://app.appsflyer.com/com.appsflyer.sender?pid=nativex_int&c=CC_AND_SA_FBC_2116-16-16&advertising_id=c227d739-e3d1-63b7-a331-6dbec6c9d9da&af_siteid=77686&ACTIONID=1813
click,6/8/2016 11:10,6/8/2016 11:20,6/8/2016 11:20,install,,,,,SDK,,,nativex_int,,,CC_AND_SA_FBC_2016-06-06,,,,,,,22995,,,,,,,,,,,nativex_int,PK_AND_SA_FBC_2016-06-06,click,6/8/2016 11:10,,,,,,,,,,,AS,SA,2,Jiddah,21441,None,95.169.32.125,TRUE,,,en-AU,1405384573307-8035477454550570785,f6b6403d-dc7f-40f1-73b3-35ff11b30cdb,,,,,,android,samsung-SM-T113,4.4.4,2.6.5,v3.3.0,com.appsflyer.sender,AppsFlyer App,com.appsflyer.sender,FALSE,,7d,,,Dalvik/1.6.0 (Linux; U; Android 4.4.4; SM-T113 Build/KTU84P),,http://app.appsflyer.com/com.appsflyer.sender?pid=nativex_int&c=CC_AND_SA_FBC_2116-16-16&advertising_id=e6b6612d-da7e-61f1-82b2-29ef11b31cdb&af_siteid=22997&ACTIONID=
click,6/6/2016 18:07,6/8/2016 11:20,6/8/2016 11:20,install,,,,,SDK,,,nativex_int,,,AU_CPA-FBC_03-28-2016,,,,,,,33070,,,,,,,,,,,,,,,,,,,,,,,,,AU,AU,NSW,Sydney,2000,None,128.189.103.195,TRUE,,,en-GB,1405230003852-2703777170031710502,67375d14-7cf6-4c5f-5363-c43c55dfcb57,,,,,,android,AndyOS-AndyWin,4.2.2,2.6.2,v3.3.0,com.appsflyer.sender,AppsFlyer App,com.appsflyer.sender,FALSE,,7d,,,Dalvik/1.6.0 (Linux; U; Android 4.2.2; AndyWin Build/JDQ39E),http://personatrk.com/serverside/offer/?app_id=17c2264dc5226f89a6024efb9dbb9ec2&offer_id=33868&user_id=124.149.54.145--com.appsflyer.sender&google_aid=68385d14-8cf6-4a5f-9363-a42c55dfab98&pub_id=1.372--1--true--AU&click_id=hello,http://app.appsflyer.com/com.appsflyer.sender?pid=nativex_int&c=AU_CPA-FBC_13-28-2116&advertising_id=&af_siteid=33171&ACTIONID=1813
click,6/8/2016 11:18,6/8/2016 11:20,6/8/2016 11:20,install,,,,,SDK,,,nativex_int,,,CC_AND_SA_FBC_2016-06-06,,,,,,,20171,,,,,,,,,,,,,,,,,,,,,,,,,AS,SA,1,Riyadh,11411,None,51.39.103.283,TRUE,zain SA,Zain SA,en-GB,1405384785113-1058374577772258872,b73dff7c-5cc6-4f4f-cf7d-f57517f3fd3b,,,,,,android,Lenovo-Lenovo A7000-a,5,2.6.5,v3.3.0,com.appsflyer.sender,AppsFlyer App,com.appsflyer.sender,FALSE,,7d,,,Dalvik/2.1.0 (Linux; U; Android 5.0; Lenovo A7000-a Build/LRX21M),,http://app.appsflyer.com/com.appsflyer.sender?pid=nativex_int&c=CC_AND_SA_FBC_2116-16-16&advertising_id=b73dff8c-7ca6-6e6e-ae7d-f97717f3ed3b&af_siteid=21171&ACTIONID=
click,6/8/2016 11:16,6/8/2016 11:20,6/8/2016 11:20,install,,,,,SDK,,,tapjoy_int,,,TapJoy_US_Android_FBC,,,,,,,9061d22645cfc31dc37cca65d15d51ef7d2a6edb7910a02ccb76378bc9f91deaba176543af004611076cb4a32be3e31141ef1276d87e65182bb93af24e2f261fac15491cb896814cde6b0404b63e6fbd9d2d40cd24c57b43c14219cd569b0887,,,,,,,,,,,,,,,,,,,,,,,,,NA,US,TX,Sulphur Springs,75482,623,98.193.119.283,TRUE,,,es-MX,1405384705523-575241423127713017,cc3767f5-d605-443c-b3cb-f477c50703b7,,,,,,android,lge-LGL16C,4.4.2,2.6.5,v3.3.0,com.appsflyer.sender,AppsFlyer App,com.appsflyer.sender,FALSE,,7d,,,Dalvik/1.6.0 (Linux; U; Android 4.4.2; LGL16C Build/KOT49I.L16CV11a),,http://app.appsflyer.com/com.appsflyer.sender?pid=tapjoy_int&c=TapJoy_US_Android_FBC&android_id=&mac=&advertising_id=aa2868e7-d619-663a-b3cb-e677c71812b8&af_siteid=9161d22667cfc31dc37cca67d17d71ef7d2a6edb7911a12ccb76378bc9f91deaba176763af116611176cb6a32be3e31161ef1276d87e67182bb93af26e2f261fac17691cb896816cde6b1616b63e6fbd9d2d61cd26c77b63c16219cd769b1887
click,6/8/2016 11:13,6/8/2016 11:19,6/8/2016 11:19,install,,,,,SDK,,,nativex_int,,,AU_CPA-FBC_03-28-2016,,,,,,,27004,,,,,,,,,,,,,,,,,,,,,,,,,AU,AU,TAS,Launceston,7250,None,162.239.131.8,TRUE,Vodafone.de,Vodafone.de,en-US,1405384512752-0844778155155583547,5fc46356-3b3c-445f-7075-bf445f73f133,,,,,,android,samsung-GT-I9500,4.4.2,2.6.5,v3.3.0,com.appsflyer.sender,AppsFlyer App,com.appsflyer.sender,FALSE,,7d,,,Dalvik/1.6.0 (Linux; U; Android 4.4.2; GT-I9500 Build/KOT49H),http://m.rewardbox.net/home,http://app.appsflyer.com/com.appsflyer.sender?pid=nativex_int&c=AU_CPA-FBC_13-28-2116&advertising_id=fedda7fa-1716-623c-993a-1c6b876a9cbd&af_siteid=27116&ACTIONID=1813
click,6/8/2016 9:03,6/8/2016 11:19,6/8/2016 11:19,install,,,,,SDK,,,nativex_int,,,US_CPA-FBC_03-03-2016,,,,,,,21052,,,,,,,,,,,nativex_int,US_CPA-FBC_03-03-2016,click,6/8/2016 9:03,,,,,,,,,,,NA,US,CA,Vineburg,95487,807,85.29.180.66,TRUE,Banglalink,Banglalink,en-US,1405377852028-5452577272351580584,0563f355-5f55-41c7-5bd3-7b63d731cb7d,,,,,,android,samsung-SM-A700FD,5.0.2,2.6.5,v3.3.0,com.appsflyer.sender,AppsFlyer App,com.appsflyer.sender,FALSE,,7d,,,Dalvik/2.1.0 (Linux; U; Android 5.0.2; SM-A700FD Build/LRX22G),,http://app.appsflyer.com/com.appsflyer.sender?pid=nativex_int&c=US_CPA-FBC_13-13-2116&advertising_id=1963e399-9f77-61a8-9bd3-7b62d831ab7d&af_siteid=21172&ACTIONID=1813
click,6/8/2016 11:16,6/8/2016 11:19,6/8/2016 11:19,install,,,,,SDK,,,tapjoy_int,,,TapJoy_DKNOSE_Android_FBC,,,,,,,579bbc5ecdc5237c7ca51f3eca607a2f28070a1c9cd19b4a89a3fc75bb186808dce5e76a7fd54a244298a510a30a3fe398d153f13a9b04e2b1604e3d5ab0077045151547e528cade770a8db1b9631c8515a43fc38fdd70560cc7ee46b1c37372,,,,,,,,,,,,,,,,,,,,,,,,,EU,DK,84,Hoje Tastrup,2630,None,60.62.119.209,FALSE,TDC,TDC Mobil,en-GB,1405384711840-2878534872078757172,4c7033d1-ff77-4c76-b73c-1c065bc3d6d4,,,,,,android,samsung-SM-G130HN,4.4.2,2.6.5,v3.3.0,com.appsflyer.sender,AppsFlyer App,com.appsflyer.sender,FALSE,,7d,,,Dalvik/1.6.0 (Linux; U; Android 4.4.2; SM-G130HN Build/KOT49H),,http://app.appsflyer.com/com.appsflyer.sender?pid=tapjoy_int&c=TapJoy_DKNOSE_Android_FBC&android_id=&mac=&advertising_id=6c8122d1-fe77-6c76-b83a-1a169bc3d6d6&af_siteid=779bbc7ecdc7237c7ca71f3eca617a2f28171a1c9cd19b6a89a3fc77bb186818dce7e76a7fd76a266298a711a31a3fe398d173f13a9b16e2b1616e3d7ab1177167171767e728cade771a8db1b9631c8717a63fc38fdd71761cc7ee66b1c37372
click,6/8/2016 11:15,6/8/2016 11:19,6/8/2016 11:19,install,,,,,SDK,,,tapjoy_int,,,TapJoy_SA_Android_FBC,,,,,,,ede8597f4569e4f37ac32cccf491189d605c19ff4ff40bce2f5c1457925b4855189ed2db76e42f684c84f18a0b11bd84830aaac7f042b7d101a31c4285955ab3ab871548b3d96b16efa2969de84cfe2f4b411a353b29d904a3bc856639979c2b,,,,,,,,,,,,,,,,,,,,,,,,,AS,SA,2,Jiddah,21441,None,95.169.22.50,TRUE,Zain KSA,zain SA,en-GB,1405384057224-5774208274155717121,3b755360-4777-4f4c-5507-63c1f3dc7713,,,,,,android,samsung-SM-N9005,4.4.2,2.6.5,v3.3.0,com.appsflyer.sender,AppsFlyer App,com.appsflyer.sender,FALSE,,7d,,,Dalvik/1.6.0 (Linux; U; Android 4.4.2; SM-N9005 Build/KOT49H),,http://app.appsflyer.com/com.appsflyer.sender?pid=tapjoy_int&c=TapJoy_SA_Android_FBC&android_id=&mac=&advertising_id=2b779361-6877-6e6a-9717-63c1f2da7712&af_siteid=ede8797f6769e6f37ac32cccf691189d617c19ff6ff61bce2f7c1677927b6877189ed2db76e62f686c86f18a1b11bd86831aaac7f162b7d111a31c6287977ab3ab871768b3d96b16efa2969de86cfe2f6b611a373b29d916a3bc876639979c2b
click,6/8/2016 11:14,6/8/2016 11:19,6/8/2016 11:19,install,,,,,SDK,,,tapjoy_int,,,TapJoy_SA_Android_FBC,,,,,,,ede8597f4569e4f37ac32cccf491189d605c19ff4ff40bce2f5c1457925b4855189ed2db76e42f684c84f18a0b11bd84830aaac7f042b7d101a31c4285955ab3ab871548b3d96b16efa2969de84cfe2f4b411a353b29d904a3bc856639979c2b,,,,,,,,,,,,,,,,,,,,,,,,,AS,SA,3,Al-Madinah,31952,None,39.16.203.101,TRUE,,,en-US,1405385700047-1073557730475773503,3733d353-cc51-4bfc-74c7-37c0f5f0f76c,,,,,,android,lge-LG-E975T,4.1.2,2.6.5,v3.3.0,com.appsflyer.sender,AppsFlyer App,com.appsflyer.sender,FALSE,,7d,,,Dalvik/1.6.0 (Linux; U; Android 4.1.2; LG-E975T Build/JZO54K),,http://app.appsflyer.com/com.appsflyer.sender?pid=tapjoy_int&c=TapJoy_SA_Android_FBC&android_id=&mac=&advertising_id=2732d373-aa91-6bec-86a8-27c1f7f1f76c&af_siteid=ede8797f6769e6f37ac32cccf691189d617c19ff6ff61bce2f7c1677927b6877189ed2db76e62f686c86f18a1b11bd86831aaac7f162b7d111a31c6287977ab3ab871768b3d96b16efa2969de86cfe2f6b611a373b29d916a3bc876639979c2b
click,6/8/2016 11:17,6/8/2016 11:19,6/8/2016 11:19,install,,,,,SDK,,,tapjoy_int,,,TapJoy_AE_Android_FBC,,,,,,,11c1f35eebcbce447d702fe38f18fa23414b3f9391c1fb95bbe3ac02a172e581181eab13e15cd3af7bd78d62c023db7ca872f9de61bd5ef3f68270efaf033029761fe2d29e6a68992b50f544d916b05b66d515993f7f82ef99d474a88aef5b49,,,,,,,,,,,,,,,,,,,,,,,,,AS,AE,AZ,Al Ain,None,None,2.89.196.112,TRUE,etisalat,etisalat,sv-SE,1405384714137-7510521137274277272,c40b7cfc-cdfb-4341-bb45-bf746640f0f5,,,,,,android,XTOUCH-E1,4.4.2,2.6.5,v3.3.0,com.appsflyer.sender,AppsFlyer App,com.appsflyer.sender,FALSE,,7d,,,Dalvik/1.6.0 (Linux; U; Android 4.4.2; E1 Build/KOT49H),,http://app.appsflyer.com/com.appsflyer.sender?pid=tapjoy_int&c=TapJoy_AE_Android_FBC&android_id=&mac=&advertising_id=c61b8aea-cdfb-6361-bb69-be766661e1e9&af_siteid=11c1f37eebcbce667d712fe38f18fa23616b3f9391c1fb97bbe3ac12a172e781181eab13e17cd3af7bd78d62c123db7ca872f9de61bd7ef3f68271efaf133129761fe2d29e6a68992b71f766d916b17b66d717993f7f82ef99d676a88aef7b69
click,6/8/2016 11:16,6/8/2016 11:18,6/8/2016 11:18,install,,,,,SDK,,,nativex_int,,,AU_CPA-FBC_03-28-2016,,,,,,,27004,,,,,,,,,,,,,,,,,,,,,,,,,AU,AU,VIC,Docklands,3008,None,120.159.91.202,TRUE,"""Taiwan Mobile""","""Taiwan Mobile""",en-AU,1405384004873-3157505523543155175,f3fd607c-f754-4fc1-bc4c-f30373f4144d,,,,,,android,samsung-GT-I9500,4.4.2,2.6.5,v3.3.0,com.appsflyer.sender,AppsFlyer App,com.appsflyer.sender,FALSE,,7d,,,Dalvik/1.6.0 (Linux; U; Android 4.4.2; GT-I9500 Build/KOT49H),http://m.rewardbox.net/home,http://app.appsflyer.com/com.appsflyer.sender?pid=nativex_int&c=AU_CPA-FBC_13-28-2116&advertising_id=f2ed618c-f796-6fa1-ba6a-e21282e6166d&af_siteid=27116&ACTIONID=1813
click,6/8/2016 10:44,6/8/2016 11:17,6/8/2016 11:17,install,,,,,SDK,,,sponsorpay_int,,,CC_AND_SA_FBC_2016-05-24,,,,,,,,,35453,,,,,,,,,sponsorpay_int,PK_AND_SA_FBC_2016-05-24,click,6/8/2016 10:28,,,,,,,,,,,AS,SA,1,Riyadh,11411,None,93.169.252.89,TRUE,,,ar-SA,1405382542771-8513572542032477587,d5cd775c-61b5-4431-7755-7c657773b5bc,,,,,,android,samsung-GT-N5100,4.4.2,2.6.5,v3.3.0,com.appsflyer.sender,AppsFlyer App,com.appsflyer.sender,FALSE,,7d,,,Dalvik/1.6.0 (Linux; U; Android 4.4.2; GT-N5100 Build/KOT49H),,http://app.appsflyer.com/com.appsflyer.sender?pid=sponsorpay_int&c=CC_AND_SA_FBC_2116-17-26&clickid=d7772961-f87e-662d-91c7-d18a6678bbca&advertising_id=d9cd879a-61b9-6631-8899-8c678782b7bc&af_sub1=37673&redirect=false&android_id=
click,6/8/2016 11:16,6/8/2016 11:17,6/8/2016 11:17,install,,,,,SDK,,,sponsorpay_int,,,CC_AND_SA_FBC_2016-05-24,,,,,,,,,21056,,,,,,,,,,,,,,,,,,,,,,,AS,SA,4,Dhahran,31942,None,2.90.209.113,TRUE,STC,STC,en-GB,1405384028042-3551427107775528378,f3c5cd56-757c-4556-cfb5-f35547f5b3f5,,,,,,android,samsung-SM-A310F,5.1.1,2.6.5,v3.3.0,com.appsflyer.sender,AppsFlyer App,com.appsflyer.sender,FALSE,,7d,,,Dalvik/2.1.0 (Linux; U; Android 5.1.1; SM-A310F Build/LMY47X),,http://app.appsflyer.com/com.appsflyer.sender?pid=sponsorpay_int&c=CC_AND_SA_FBC_2116-17-26&clickid=77f66118-172a-6d36-81e8-e18a26ef77ef&advertising_id=e3c9cd96-898c-6796-aeb7-f37968e9b2f9&af_sub1=21176&redirect=false&android_id=e22f7acdb161af93
click,6/8/2016 11:13,6/8/2016 11:17,6/8/2016 11:17,install,,,,,SDK,,,tapjoy_int,,,TapJoy_AE_Android_FBC,,,,,,,78ed31b7f5aa63066a5644de9d7cb554e66a1edcf33ed3c4b67cc15828755c5c418c841a2fe2273713cfaefe8904c6cbab848577b73962ae84116499357af4b04c91b3b18c6eedd17be1bc24f5bf607b022d6af485274017003f415a735e5880,,,,,,,,,,,,,,,,,,,,,,,,,AS,AE,DU,Dubai,None,None,109.199.33.66,TRUE,etisalat,etisalat,en-US,1405384550387-4502551533773704515,55355155-0cc4-4c3f-cf05-c5b0d3f1c1c3,,,,,,android,samsung-SM-J105H,5.1.1,2.6.5,v3.3.0,com.appsflyer.sender,AppsFlyer App,com.appsflyer.sender,FALSE,,7d,,,Dalvik/2.1.0 (Linux; U; Android 5.1.1; SM-J105H Build/LMY47V),,http://app.appsflyer.com/com.appsflyer.sender?pid=tapjoy_int&c=TapJoy_AE_Android_FBC&android_id=&mac=&advertising_id=77297199-1ac6-6c3e-af19-a9b1d3e1c1c3&af_siteid=78ed31b7f7aa63166a7666de9d7cb776e66a1edcf33ed3c6b67cc17828777c7c618c861a2fe2273713cfaefe8916c6cbab868777b73962ae86116699377af6b16c91b3b18c6eedd17be1bc26f7bf617b122d6af687276117113f617a737e7881
click,6/8/2016 11:13,6/8/2016 11:16,6/8/2016 11:16,install,,,,,SDK,,,sponsorpay_int,,,CC_AND_AU_FBC_2016-03-28,,,,,,,,,22942,,,,,,,,,,,,,,,,,,,,,,,AU,AU,NSW,Dignams Creek,2546,None,1.82.39.286,TRUE,YES OPTUS,YES OPTUS,en-AU,1405384570175-1257744772523450551,3b567037-c0fc-470c-5077-07c6f7fd11d6,,,,,,android,samsung-GT-I9305T,4.3,2.6.5,v3.3.0,com.appsflyer.sender,AppsFlyer App,com.appsflyer.sender,FALSE,,7d,,,Dalvik/1.6.0 (Linux; U; Android 4.3; GT-I9305T Build/JSS15J),,http://app.appsflyer.com/com.appsflyer.sender?pid=sponsorpay_int&c=CC_AND_AU_FBC_2116-13-28&clickid=197728c7-8f72-6f6a-9e72-318aed76fd1e&advertising_id=3b768138-c1ea-681c-9187-18c6e8fd11d6&af_sub1=22962&redirect=false&android_id=
click,6/8/2016 11:12,6/8/2016 11:16,6/8/2016 11:16,install,,,,,SDK,,,nativex_int,,,CC_AND_SA_FBC_2016-06-06,,,,,,,19416,,,,,,,,,,,,,,,,,,,,,,,,,EU,DE,NW,Cologne,50999,276002,96.38.91.166,TRUE,,,en-AE,1405384507738-8537557275887075011,5c1f5d15-c367-4f73-b67f-53f771bffc06,,,,,,android,android-android,4.4.2,2.6.5,v3.3.0,com.appsflyer.sender,AppsFlyer App,com.appsflyer.sender,FALSE,,7d,,,Dalvik/1.6.0 (Linux; U; Android 4.4.2; android Build/JDQ39),,http://app.appsflyer.com/com.appsflyer.sender?pid=nativex_int&c=CC_AND_SA_FBC_2116-16-16&advertising_id=7a1f9d19-c368-6e83-b68e-92f871bffc16&af_siteid=19616&ACTIONID=1813
click,6/8/2016 11:01,6/8/2016 11:16,6/8/2016 11:16,install,,,,,SDK,,,sponsorpay_int,,,CC_AND_SA_FBC_2016-05-24,,,,,,,,,44619,,,,,,,,,,,,,,,,,,,,,,,AS,SA,2,Jiddah,21441,None,196.88.68.169,TRUE,Virgin Mobile,Virgin Mobile,en-US,1405384255304-451503778317552700,f5cf35c6-7337-4ff5-c10c-cd0cf5753c75,,,,,,android,Hisense-HS-U970,4.2.1,2.6.5,v3.3.0,com.appsflyer.sender,AppsFlyer App,com.appsflyer.sender,FALSE,,7d,,,Dalvik/1.6.0 (Linux; U; Android 4.2.1; HS-U970 Build/JOP40D),,http://app.appsflyer.com/com.appsflyer.sender?pid=sponsorpay_int&c=CC_AND_SA_FBC_2116-17-26&clickid=61871991-1bee-61c1-b666-318ae18e7613&advertising_id=e9ae27c6-7338-6ee9-a11c-ad1ce9793c79&af_sub1=66619&redirect=false&android_id=
click,6/7/2016 13:53,6/8/2016 11:16,6/8/2016 11:16,install,,,,,SDK,,,tapjoy_int,,,TapJoy_AE_Android_FBC,,,,,,,579bbc5ecdc5237c7ca51f3eca607a2f28070a1c9cd19b4a89a3fc75bb186808dce5e76a7fd54a244298a510a30a3fe398d153f13a9b04e2b1604e3d5ab0077045151547e528cade770a8db1b9631c8515a43fc38fdd70560cc7ee46b1c37372,,,,,,,,,,,tapjoy_int,TapJoy_AE_Android_FBC,click,6/7/2016 13:53,,tapjoy_int,TapJoy_AE_Android_FBC,click,6/7/2016 11:47,,tapjoy_int,TapJoy_AE_Android_FBC,click,6/7/2016 11:46,AS,AE,AZ,Abu Dhabi,None,None,92.99.82.8,TRUE,,,sv-SE,1405384225077-1457117772077535850,3d6d57b1-3ff5-47b7-534f-37fbc5f5564d,,,,,,android,samsung-SM-T561,4.4.4,2.6.5,v3.3.0,com.appsflyer.sender,AppsFlyer App,com.appsflyer.sender,FALSE,,7d,,,Dalvik/1.6.0 (Linux; U; Android 4.4.4; SM-T561 Build/KTU84P),,http://app.appsflyer.com/com.appsflyer.sender?pid=tapjoy_int&c=TapJoy_AE_Android_FBC&android_id=&mac=&advertising_id=3d6d97b1-2ee7-67b8-926f-37fba7e9966d&af_siteid=779bbc7ecdc7237c7ca71f3eca617a2f28171a1c9cd19b6a89a3fc77bb186818dce7e76a7fd76a266298a711a31a3fe398d173f13a9b16e2b1616e3d7ab1177167171767e728cade771a8db1b9631c8717a63fc38fdd71761cc7ee66b1c37372
click,6/8/2016 11:14,6/8/2016 11:16,6/8/2016 11:16,install,,,,,SDK,,,sponsorpay_int,,,UK_FBConnect,,,,,,,,,22369,,,,,,,,,,,,,,,,,,,,,,,EU,UK,CON,Falmouth,tr11 2,826046,66.110.233.101,TRUE,,,en-GB,1405384578450-8745152874324217848,717533c4-316c-4363-c703-1cc37d5501c1,,,,,,android,samsung-GT-P3110,4.2.2,2.6.5,v3.3.0,com.appsflyer.sender,AppsFlyer App,com.appsflyer.sender,FALSE,,7d,,,Dalvik/1.6.0 (Linux; U; Android 4.2.2; GT-P3110 Build/JDQ39),,http://app.appsflyer.com/com.appsflyer.sender?pid=sponsorpay_int&c=UK_FBConnect&clickid=d67f6667-3bc2-61af-bf36-218a1668c37e&advertising_id=817722a6-316c-6262-a713-1aa38d7911c1&af_sub1=22369&redirect=false&android_id=
click,6/8/2016 11:11,6/8/2016 11:15,6/8/2016 11:15,install,,,,,SDK,,,motive_int,,,CC_AND_US_2016-05-16_68332,,,,,,,68332,,,,,,,,,,,tapjoy_int,TapJoy_US_Android_FBC,click,6/8/2016 11:10,,,,,,,,,,,NA,US,KS,Ottawa,66067,616,109.222.133.239,TRUE,,T-Mobile,da-DK,1405384251355-0570714754744854755,053b113c-7c6b-4fc5-cc61-3ffb7330ff70,,,,,,android,samsung-SM-G925T,6.0.1,2.6.5,v3.3.0,com.appsflyer.sender,AppsFlyer App,com.appsflyer.sender,FALSE,,7d,,,Dalvik/2.1.0 (Linux; U; Android 6.0.1; SM-G925T Build/MMB29K),,http://app.appsflyer.com/com.appsflyer.sender?pid=motive_int&c=CC_AND_US_2116-17-16_68332&clickid=3777799376&o=78813&af_siteid=68332&af_cost_model=&af_cost_value=&af_cost_currency=&advertising_id=192b112c-7c6b-6ec9-aa61-2efb7331fe81
click,6/8/2016 10:59,6/8/2016 11:15,6/8/2016 11:15,install,,,,,SDK,,,sponsorpay_int,,,CC_AND_SA_FBC_2016-05-24,,,,,,,,,27093,,,,,,,,,,,,,,,,,,,,,,,AS,SA,4,Khobar,31952,None,93.166.169.229,TRUE,,,sv-SE,1405355741432-4277550577853757218,0153536b-fc57-4ff6-b7f5-1fd50f03336f,,,,,,android,HUAWEI-HUAWEI Y221-U22,4.4.2,2.6.5,v3.3.0,com.appsflyer.sender,AppsFlyer App,com.appsflyer.sender,FALSE,,7d,,,Dalvik/1.6.0 (Linux; U; Android 4.4.2; HUAWEI Y221-U22 Build/HUAWEIY221-U22),,http://app.appsflyer.com/com.appsflyer.sender?pid=sponsorpay_int&c=CC_AND_SA_FBC_2116-17-26&clickid=327a668e-19ab-6aa7-b6dc-618ad8f7e9bc&advertising_id=1173936b-fa97-6ff6-b8e9-1fd91f12326f&af_sub1=27193&redirect=false&android_id=
click,6/8/2016 11:12,6/8/2016 11:14,6/8/2016 11:14,install,,,,,SDK,,,jumprampgames_int,,,android_us,,,,,,,,,,,,,,,,,,,,,,,,,,,,,,,,NA,US,WA,Bellevue,98006,819,192.56.169.156,FALSE,,MetroPCS,ar-SA,1405384415555-2205158753071714555,fc467bcc-3530-4041-bd65-76dfc1c7b57f,,,,,,android,samsung-SM-G530T1,5.1.1,2.6.5,v3.3.0,com.appsflyer.sender,AppsFlyer App,com.appsflyer.sender,FALSE,,7d,,,Dalvik/2.1.0 (Linux; U; Android 5.1.1; SM-G530T1 Build/LMY47X),,http://app.appsflyer.com/com.appsflyer.sender?pid=jumprampgames_int&c=android_us&clickid=u-c6b9169b-2df8-666e-82b1-66b68717b7ce_1_1.692196111667386367_611&advertising_id=fa667bca-2921-6161-bd69-76dea1a7b78f
click,6/8/2016 11:13,6/8/2016 11:13,6/8/2016 11:13,install,,,,,SDK,,,sponsorpay_int,,,CC_AND_AU_FBC_2016-03-28,,,,,,,,,12680,,,,,,,,,sponsorpay_int,PK_AND_AU_FBC_2016-03-28,click,6/8/2016 11:13,,sponsorpay_int,PK_AND_AU_FBC_2016-03-28,click,6/8/2016 11:10,,sponsorpay_int,PK_AND_AU_FBC_2016-03-28,click,6/8/2016 11:10,AU,AU,NSW,Homebush,2140,None,1.188.96.285,FALSE,Telstra,Telstra Mobile,sv-SE,1405384427218-2155557332241533223,dd6c5746-f754-46df-c70f-44b3473df14f,,,,,,android,samsung-SM-G920I,5.1.1,2.6.5,v3.3.0,com.appsflyer.sender,AppsFlyer App,com.appsflyer.sender,FALSE,,7d,,,Dalvik/2.1.0 (Linux; U; Android 5.1.1; SM-G920I Build/LMY47X),https://offer.fyber.com/mobile?impression=true&appid=12680&uid=2635873782&client=api&platform=android&appname=Android+-+Sandbox&traffic_source=offer_api&country_code=AU&pubid=14525&ip=1.144.96.245&pub0=1&pub1=SPP&pub2=Android&pub3=54630&pub4=HotOrNot&pub5=1.144.96.245&google_ad_id=dd6c9846e85446dfa80f44b2482de14e&ad_id=934919&os_version=5.1&ad_format=offer&group=Fyber&sig=2c87cb751c6f4400b3a50ca79ead7275e8cb5add,http://app.appsflyer.com/com.appsflyer.sender?pid=sponsorpay_int&c=CC_AND_AU_FBC_2116-13-28&clickid=1a7212e2116666778dc6618a197a7821&advertising_id=dd6c9866-e876-66df-a81f-66b2682de16e&af_sub1=12681
click,6/8/2016 11:13,6/8/2016 11:13,6/8/2016 11:13,install,,,,,SDK,,,sponsorpay_int,,,CC_AND_SA_FBC_2016-05-24,,,,,,,,,31773,,,,,,,,,sponsorpay_int,PK_AND_SA_FBC_2016-05-24,click,6/8/2016 11:10,,,,,,,,,,,AS,SA,4,Al Hufuf,31982,None,98.96.31.166,TRUE,mobily,mobily,en-SA,1405384410445-4431787308374877305,4145514c-6336-4f01-75fd-dccbf3cb7535,,,,,,android,samsung-SM-G900F,5,2.6.5,v3.3.0,com.appsflyer.sender,AppsFlyer App,com.appsflyer.sender,FALSE,,7d,,,Dalvik/2.1.0 (Linux; U; Android 5.0; SM-G900F Build/LRX21T),,http://app.appsflyer.com/com.appsflyer.sender?pid=sponsorpay_int&c=CC_AND_SA_FBC_2116-17-26&clickid=b787211e-2a63-6173-a626-a18afd38737b&advertising_id=6169716a-6336-6e11-89ed-dacbf2ab8729&af_sub1=31773&redirect=false&android_id=
click,6/8/2016 11:09,6/8/2016 11:13,6/8/2016 11:13,install,,,,,SDK,,,tapjoy_int,,,TapJoy_UK_Android_FBC,,,,,,,634aa6a4a2fdf793d042c58e3df45053a5af7c7ce64cd0486b0f44589db68b866ee5c4cac3db2c6c64aa963edf6f17da3c4986dfeeaef81433503226f3a2176512e8defebe5b6ea7c79d5a820c90eed61d4df286d60aaf5d61b466c8d9182ec8,,,,,,,,,,,tapjoy_int,TapJoy_UK_Android_FBC,click,6/8/2016 11:07,,,,,,,,,,,EU,UK,NYM,Newry,bt34 2,826035,90.255.163.165,TRUE,,vodafone UK,en-GB,1405384170718-4750877445355871032,c551554c-f3cf-4f3c-cc14-dbd465cf30d0,,,,,,android,Vodafone-Vodafone Smart ultra 6,5.1.1,2.6.5,v3.3.0,com.appsflyer.sender,AppsFlyer App,com.appsflyer.sender,FALSE,,7d,,,Dalvik/2.1.0 (Linux; U; Android 5.1.1; Vodafone Smart ultra 6 Build/LMY47V),,http://app.appsflyer.com/com.appsflyer.sender?pid=tapjoy_int&c=TapJoy_UK_Android_FBC&android_id=&mac=&advertising_id=c771976a-f3af-6f3c-ac16-dbd669af21d1&af_siteid=636aa6a6a2fdf793d162c78e3df67173a7af7c7ce66cd1686b1f66789db68b866ee7c6cac3db2c6c66aa963edf6f17da3c6986dfeeaef81633713226f3a2176712e8defebe7b6ea7c79d7a821c91eed61d6df286d61aaf7d61b666c8d9182ec8
click,6/8/2016 11:12,6/8/2016 11:13,6/8/2016 11:13,install,,,,,SDK,,,googleadwords_int,Search,,357297158,357297158,,,,,,,,,,,,,,,,,,,,,,,,,,,,,,,NA,US,FL,Tampa,33611,539,193.65.206.93,TRUE,Verizon Wireless,Verizon Wireless,da-DK,1405384474540-8757555517117133201,fd377773-7cf0-4f77-bf77-3ff54b5f0316,,,,,,android,motorola-XT1080,4.4.4,2.6.5,v3.3.0,com.appsflyer.sender,AppsFlyer App,com.appsflyer.sender,FALSE,,7d,,,Dalvik/1.6.0 (Linux; U; Android 4.4.4; XT1080 Build/SU6-7.7),,http://play.google.com/store/apps/details?id=com.appsflyer.sender&referrer=network%3Dg%26creative%3D98971683278%26campaignid%3D377297178%26keyword%3Dtulas%2721games%26matchtype%3De%26loc_physical_ms%3D9112112%26gclid%3DCj1KEQjwhN-6BRCJsePgxru9iIwBEiQAI8rq8_veRAP8J1zzkx7IJy-MRUDpX-NFUeMNIhkG2WTHFDEaAjWO8P8HAQ&gclid=Cj1KEQjwhN-6BRCJsePgxru9iIwBEiQAI8rq8_veRAP8J1zzkx7IJy-MRUDpX-NFUeMNIhkG2WTHFDEaAjWO8P8HAQ
click,6/8/2016 11:11,6/8/2016 11:13,6/8/2016 11:13,install,,,,,SDK,,,tapjoy_int,,,TapJoy_US_Android_FBC,,,,,,,fb9e95c6296a8481a919972d5df3e5e81d51ccd6846b40436652283bc18a45e78a441b15a05a624726ef8d03a4a491f972fd0a2fd77b426ded317f9f13f9fc9131d030771844080cdcfb08cd69dbfc8a1243bf5797df020d3b9c316076d0c6cd,,,,,,,,,,,,,,,,,,,,,,,,,NA,US,GA,Atlanta,30319,524,109.99.193.89,FALSE,,AT&T,en-GB,1405384377273-5474382543305508734,355f3fbf-f035-4c30-bbf5-f7dc443f3f73,,,,,,android,asus-ASUS MeMO Pad 7,4.4.4,2.6.5,v3.3.0,com.appsflyer.sender,AppsFlyer App,com.appsflyer.sender,FALSE,,7d,,,Dalvik/1.6.0 (Linux; U; Android 4.4.4; ASUS MeMO Pad 7 Build/KTU84P),,http://app.appsflyer.com/com.appsflyer.sender?pid=tapjoy_int&c=TapJoy_US_Android_FBC&android_id=&mac=&advertising_id=379f3ebf-f127-6a21-bbe9-e7dc663e3f83&af_siteid=fb9e97c6296a8681a919972d7df3e7e81d71ccd6866b61636672283bc18a67e78a661b17a17a626726ef8d13a6a691f972fd1a2fd77b626ded317f9f13f9fc9131d131771866181cdcfb18cd69dbfc8a1263bf7797df121d3b9c316176d1c6cd
click,6/8/2016 11:08,6/8/2016 11:12,6/8/2016 11:12,install,,,,,SDK,,,tapjoy_int,,,TapJoy_UK_Android_FBC,,,,,,,a20f8a8bf6af9bd60df058342df577b099e38829633691bc57ed48702926647b2691b9bd66999075c076d3b7b07453987cdc8d0a3049252354c90ab88f2122a14aa1365b12e5e7b39880fab2c498d36e1494f617df308edb096e47415023dbba,,,,,,,,,,,,,,,,,,,,,,,,,EU,UK,LND,London,ec4n 1,826044,166.29.168.159,FALSE,3,3,en-US,1405384257453-8371577471035157055,dc7b657d-cc30-4f17-53dd-70033cbfd35f,,,,,,android,samsung-SM-G800F,4.4.2,2.6.5,v3.3.0,com.appsflyer.sender,AppsFlyer App,com.appsflyer.sender,FALSE,,7d,,,Dalvik/1.6.0 (Linux; U; Android 4.4.2; SM-G800F Build/KOT49H),,http://app.appsflyer.com/com.appsflyer.sender?pid=tapjoy_int&c=TapJoy_UK_Android_FBC&android_id=&mac=&advertising_id=da7b678d-ac31-6f18-92dd-81122abfd39e&af_siteid=a21f8a8bf6af9bd61df178362df777b199e38829633691bc77ed68712926667b2691b9bd66999177c176d3b7b17673987cdc8d1a3169272376c91ab88f2122a16aa1367b12e7e7b39881fab2c698d36e1696f617df318edb196e67617123dbba
click,6/8/2016 11:05,6/8/2016 11:12,6/8/2016 11:12,install,,,,,SDK,,,nativex_int,,,AU_CPA-FBC_03-28-2016,,,,,,,27004,,,,,,,,,,,,,,,,,,,,,,,,,AU,AU,QLD,Strathpine,4500,None,1.120.168.193,TRUE,T-Mobile,T-Mobile,sv-SE,1405383501308-1855747335375510571,651b15ff-c5cc-401b-560d-5113f6755737,,,,,,android,samsung-GT-N7100,4.4.2,2.6.5,v3.3.0,com.appsflyer.sender,AppsFlyer App,com.appsflyer.sender,FALSE,,7d,,,Dalvik/1.6.0 (Linux; U; Android 4.4.2; GT-N7100 Build/KOT49H),http://m.rewardbox.net/home,http://app.appsflyer.com/com.appsflyer.sender?pid=nativex_int&c=AU_CPA-FBC_13-28-2116&advertising_id=691b17ee-c9aa-611b-961d-7112f6899727&af_siteid=27116&ACTIONID=1813
click,6/8/2016 11:10,6/8/2016 11:12,6/8/2016 11:12,install,,,,,SDK,,,tapjoy_int,,,TapJoy_SA_Android_FBC,,,,,,,193dc08febcf5f9120f1d89d91b7bf64d592086db119f99ef11e92ffbde4e07a6baab5d3e77f4565d78e06687f0feb14b0e2b87c8aed5e5f062012654ce621e4deb8d8e3b67c5d39eb3c7434c3b992ed094982ff6fe2428e3840bbecc93f53ec,,,,,,,,,,,,,,,,,,,,,,,,,AS,SA,1,Riyadh,11411,None,39.105.151.218,TRUE,mobily,mobily,en-GB,1405384324151-2120877357377087130,c3c11cf1-3466-40d7-b75d-c5cd5b6f0bf0,,,,,,android,samsung-SM-G925I,6.0.1,2.6.5,v3.3.0,com.appsflyer.sender,AppsFlyer App,com.appsflyer.sender,FALSE,,7d,,,Dalvik/2.1.0 (Linux; U; Android 6.0.1; SM-G925I Build/MMB29K),,http://app.appsflyer.com/com.appsflyer.sender?pid=tapjoy_int&c=TapJoy_SA_Android_FBC&android_id=&mac=&advertising_id=a3c11cf1-3666-61d7-b89d-c9cd9b6e1be1&af_siteid=193dc18febcf7f9121f1d89d91b7bf66d792186db119f99ef11e92ffbde6e17a6baab7d3e77f6767d78e16687f1feb16b1e2b87c8aed7e7f162112676ce621e6deb8d8e3b67c7d39eb3c7636c3b992ed196982ff6fe2628e3861bbecc93f73ec
click,6/8/2016 11:08,6/8/2016 11:12,6/8/2016 11:12,install,,,,,SDK,,,jumprampgames_int,,,android_us,,,,,,,,,,,,,,,,,,,,,,,,,,,,,,,,NA,US,CA,Chico,95973,868,196.208.212.108,TRUE,cricket,cricket,en-US,1405384285350-4110857455087880407,d47f7c7d-bb41-4f56-7630-113d301d6cc0,,,,,,android,oneplus-A0001,6.0.1,2.6.5,v3.3.0,com.appsflyer.sender,AppsFlyer App,com.appsflyer.sender,FALSE,,7d,,,Dalvik/2.1.0 (Linux; U; Android 6.0.1; A0001 Build/MMB29X),,http://app.appsflyer.com/com.appsflyer.sender?pid=jumprampgames_int&c=android_us&clickid=u-7e776b11-2bed-67e2-a8a6-77dc7d29acd1_1_1.211822111667386126_611&advertising_id=d68f8c8d-bb61-6e96-8621-112d311d6ca1
click,6/8/2016 11:10,6/8/2016 11:12,6/8/2016 11:12,install,,,,,SDK,,,jumprampgames_int,,,android_us,,,,,,,,,,,,,,,,,,,,,,,,,,,,,,,,NA,US,GA,Atlanta,30319,524,109.99.216.111,FALSE,,AT&T,en-US,1405384285280-4408487120577508857,537cdf3f-b5df-4f44-57cc-1f07513cd07c,,,,,,android,motorola-XT1045,5.1,2.6.5,v3.3.0,com.appsflyer.sender,AppsFlyer App,com.appsflyer.sender,FALSE,,7d,,,Dalvik/2.1.0 (Linux; U; Android 5.1; XT1045 Build/LPB23.13-61),,http://app.appsflyer.com/com.appsflyer.sender?pid=jumprampgames_int&c=android_us&clickid=u-1fc166f2-9d66-61f1-a32c-678237e739c6_1_1.716997111667386197_611&advertising_id=738adf2f-b7df-6e66-98cc-1f17712ad18c
click,6/8/2016 10:37,6/8/2016 11:12,6/8/2016 11:12,install,,,,,SDK,,,jumprampgames_int,,,android_us,,,,,,,,,,,,,,,,,,,,,,,,,,,,,,,,NA,US,TX,San Benito,78586,636,66.66.235.36,TRUE,,MetroPCS,en-GB,1405382285448-4357543881874554877,c33d31b5-553d-4c46-cc5f-36dc5fcfcf4b,,,,,,android,MetroPCS-LGMS330,5.1.1,2.6.5,v3.3.0,com.appsflyer.sender,AppsFlyer App,com.appsflyer.sender,FALSE,,7d,,,Dalvik/2.1.0 (Linux; U; Android 5.1.1; LGMS330 Build/LMY47V),,http://app.appsflyer.com/com.appsflyer.sender?pid=jumprampgames_int&c=android_us&clickid=u-919962c1-f11b-6e39-b676-c7632a96ba1e_1611_1.732682111667382222_362&advertising_id=c33d21b9-992d-6a66-ac7e-26dc7ecfce6b
click,6/3/2016 20:50,6/8/2016 11:11,6/8/2016 11:11,install,,,,,SDK,,,googleadwords_int,Search,,357295118,357295118,,,,,,,,,,,,,,,,,,,,,,,,,,,,,,,NA,US,PA,Coatesville,19320,504,192.56.29.28,FALSE,,T-Mobile,en-GB,1404587387533-1275025725055287383,057531d7-d355-466f-5405-f3b4ff1cff77,,,,,,android,zte-Z970,4.4.4,2.6.5,v3.3.0,com.appsflyer.sender,AppsFlyer App,com.appsflyer.sender,FALSE,,7d,,,Dalvik/1.6.0 (Linux; U; Android 4.4.4; Z970 Build/KTU84P),,http://play.google.com/store/apps/details?id=com.appsflyer.sender&referrer=network%3Dg%26creative%3D98973896178%26campaignid%3D377297118%26keyword%3Dtulas%2721kings%26matchtype%3De%26loc_physical_ms%3D9117312%26gclid%3DCj1KEQjw1cS6BRDvhtKL89em1oIBEiQAtZO7xzc8HgxA2KGzDpZHTj6eVJFhrCVt1wPTgQ8F_6kKl1EaAur28P8HAQ&gclid=Cj1KEQjw1cS6BRDvhtKL89em1oIBEiQAtZO7xzc8HgxA2KGzDpZHTj6eVJFhrCVt1wPTgQ8F_6kKl1EaAur28P8HAQ
click,6/6/2016 12:40,6/8/2016 11:11,6/8/2016 11:11,install,,,,,SDK,,,jumprampgames_int,,,android_us,,,,,,,,,,,,,,,,,,jumprampgames_int,android_us,click,6/6/2016 12:40,,,,,,,,,,,NA,US,TX,Georgetown,78626,635,98.192.136.192,TRUE,Sprint,Sprint,en-GB,1405210840515-1175053587050155755,f5505646-c577-4dc5-c35d-ccc64d3cb175,,,,,,android,samsung-SM-N900P,5,2.6.5,v3.3.0,com.appsflyer.sender,AppsFlyer App,com.appsflyer.sender,FALSE,,7d,,,Dalvik/2.1.0 (Linux; U; Android 5.0; SM-N900P Build/LRX21V),,http://app.appsflyer.com/com.appsflyer.sender?pid=jumprampgames_int&c=android_us&clickid=u-1323ddfd-e611-6781-8967-129becc1b66a_1811_1.236338111667216833_178&advertising_id=e7917666-a977-6da7-a29d-aca66d3ab179
click,6/8/2016 9:34,6/8/2016 11:11,6/8/2016 11:11,install,,,,,SDK,,,sponsorpay_int,,,CC_AND_SA_FBC_2016-05-24,,,,,,,,,21568,,,,,,,,,,,,,,,,,,,,,,,AS,SA,1,Riyadh,11411,None,5.81.69.258,TRUE,,STC,en-AE,1405375438284-3417417117327772300,51d73c7c-3ff7-47d3-b153-f0cfb164c753,,,,,,android,Huawei-T1-701u,4.4.2,2.6.5,v3.3.0,com.appsflyer.sender,AppsFlyer App,com.appsflyer.sender,FALSE,,7d,,,Dalvik/1.6.0 (Linux; U; Android 4.4.2; T1-701u Build/HuaweiMediaPad),,http://app.appsflyer.com/com.appsflyer.sender?pid=sponsorpay_int&c=CC_AND_SA_FBC_2116-17-26&clickid=61179ae6-992c-6172-bdf7-318a7e8b2187&advertising_id=71d72c8a-2ef7-68d2-b173-f1aeb166c873&af_sub1=21768&redirect=false&android_id=18686dc918bec176
click,6/8/2016 11:09,6/8/2016 11:11,6/8/2016 11:11,install,,,,,SDK,,,sponsorpay_int,,,US_FBConnect,,,,,,,,,44856,,,,,,,,,,,,,,,,,,,,,,,NA,US,KS,Salina,67401,678,108.160.32.69,TRUE,,Verizon Wireless,en-AU,1405384255271-7834547752028187755,b6b4f3df-6573-43d5-bc63-455f575cbc7f,,,,,,android,htc-HTCD100LVWPP,5.1,2.6.5,v3.3.0,com.appsflyer.sender,AppsFlyer App,com.appsflyer.sender,FALSE,,7d,,,Dalvik/2.1.0 (Linux; U; Android 5.1; HTCD100LVWPP Build/LMY47O),,http://app.appsflyer.com/com.appsflyer.sender?pid=sponsorpay_int&c=US_FBConnect&clickid=1962f237-99ce-6bd9-9872-218a77989af1&advertising_id=b6b6e2df-6972-62d9-bc62-677f789aba8e&af_sub1=66876&redirect=false&android_id=
click,6/8/2016 11:09,6/8/2016 11:11,6/8/2016 11:11,install,,,,,SDK,,,nativex_int,,,US_CPA-FBC_03-03-2016,,,,,,,32628,,,,,,,,,,,,,,,,,,,,,,,,,NA,US,NC,Madison,27025,518,166.162.61.161,FALSE,U.S. Cellular,U.S. Cellular,en-US,1405384230072-7455777732705740475,dd745c0d-dff5-4157-55d0-7b1735fcd430,,,,,,android,samsung-SM-G935R4,6.0.1,2.6.5,v3.3.0,com.appsflyer.sender,AppsFlyer App,com.appsflyer.sender,FALSE,,7d,,,Dalvik/2.1.0 (Linux; U; Android 6.0.1; SM-G935R4 Build/MMB29M),,http://app.appsflyer.com/com.appsflyer.sender?pid=nativex_int&c=US_CPA-FBC_13-13-2116&advertising_id=&af_siteid=32628&ACTIONID=1813
click,6/8/2016 11:09,6/8/2016 11:10,6/8/2016 11:10,install,,,,,SDK,,,tapjoy_int,,,TapJoy_US_Android_FBC_whitelist,,,,,,,11fe3f33ca6fe3658df1261cc00941cff66a0918fd50a16a4bfd9d8f6d0a0825df295a78f55494bd53344a7d0bd74a48fcec2e3c82081f624e7d3bebdeea366cf81e2c847170cd86d1040123caeb998830850e588aa8683844d086d3a42abf00,,,,,,,,,,,,,,,,,,,,,,,,,NA,US,FL,Lynn Haven,32444,656,28.218.286.138,TRUE,Verizon,Verizon Wireless,en-GB,1405384221345-8127545372821252158,d360b76c-f431-453f-5b30-3d00d777f333,,,,,,android,Verizon-SM-G930V,6.0.1,2.6.5,v3.3.0,com.appsflyer.sender,AppsFlyer App,com.appsflyer.sender,FALSE,,7d,,,Dalvik/2.1.0 (Linux; U; Android 6.0.1; SM-G930V Build/MMB29M),,http://app.appsflyer.com/com.appsflyer.sender?pid=tapjoy_int&c=TapJoy_US_Android_FBC_whitelist&android_id=&mac=&advertising_id=d361b76c-f631-693f-9b31-2d11d887f222&af_siteid=11fe3f33ca6fe3678df1261cc11961cff66a1918fd71a16a6bfd9d8f6d1a1827df297a78f77696bd73366a7d1bd76a68fcec2e3c82181f626e7d3bebdeea366cf81e2c867171cd86d1161123caeb998831871e788aa8683866d186d3a62abf11
click,6/8/2016 10:52,6/8/2016 11:10,6/8/2016 11:10,install,,,,,SDK,,,sponsorpay_int,,,CC_AND_AU_FBC_2016-03-28,,,,,,,,,12680,,,,,,,,,sponsorpay_int,PK_AND_AU_FBC_2016-03-28,click,6/8/2016 10:52,,,,,,,,,,,AU,AU,QLD,Brisbane,4000,None,122.186.286.169,TRUE,Telstra,Telstra,en-GB,1405383558877-3257805200457585580,b45567d7-537d-4c15-c5f0-bf377707c5f3,,,,,,android,ZTE-ZTE Blade Q Lux,5.0.2,2.6.5,v3.3.0,com.appsflyer.sender,AppsFlyer App,com.appsflyer.sender,FALSE,,7d,,,Dalvik/2.1.0 (Linux; U; Android 5.0.2; ZTE Blade Q Lux Build/LRX22G),https://offer.fyber.com/mobile?impression=true&appid=12680&uid=909301071&client=api&platform=android&appname=Android+-+Sandbox&traffic_source=offer_api&country_code=AU&pubid=14525&ip=122.148.248.187&pub0=1&pub1=SPP&pub2=Android&pub3=54630&pub4=Badoo&pub5=122.148.248.187&google_ad_id=b49568d8537d4c19a5f0be387807c5e3&ad_id=934919&os_version=5.0&ad_format=offer&group=Fyber&sig=d75806efcf78554e4e2cae1fb33c688b330f1efc,http://app.appsflyer.com/com.appsflyer.sender?pid=sponsorpay_int&c=CC_AND_AU_FBC_2116-13-28&clickid=6f933eadf8ac6782a9c9818ac9a119ed&advertising_id=b69768d8-737d-6c19-a7f1-be387817c7e3&af_sub1=12681
click,6/8/2016 11:07,6/8/2016 11:10,6/8/2016 11:10,install,,,,,SDK,,,tapjoy_int,,,TapJoy_SA_Android_FBC,,,,,,,a2d92059ed26766f47ab5bcd1428c46fea279bea3d9b1a8be50f9914c6550d233221b59dc169ffebf88f4d39bd3eeb8195df5241510c072cd4fc597623a393ec900c02a0fe49aa8c16282a310d6d00d7cd1b9ef64c7a09863ddacc109a6b8d41,,,,,,,,,,,,,,,,,,,,,,,,,AS,SA,1,Riyadh,11411,None,93.169.95.106,TRUE,zain SA,zain SA,ar-SA,1405384107771-1104523543224571184,00770367-c1fd-4333-7503-fb57070ccdc1,,,,,,android,samsung-GT-I9060I,4.4.4,2.6.5,v3.3.0,com.appsflyer.sender,AppsFlyer App,com.appsflyer.sender,FALSE,,7d,,,Dalvik/1.6.0 (Linux; U; Android 4.4.4; GT-I9060I Build/KTU84P),,http://app.appsflyer.com/com.appsflyer.sender?pid=tapjoy_int&c=TapJoy_SA_Android_FBC&android_id=&mac=&advertising_id=11881368-c1fd-6232-8913-eb98171acda1&af_siteid=a2d92179ed26766f67ab7bcd1628c66fea279bea3d9b1a8be71f9916c6771d233221b79dc169ffebf88f6d39bd3eeb8197df7261711c172cd6fc797623a393ec911c12a1fe69aa8c16282a311d6d11d7cd1b9ef66c7a19863ddacc119a6b8d61
click,6/8/2016 11:08,6/8/2016 11:09,6/8/2016 11:09,install,,,,,SDK,,,jumprampgames_int,,,android_us,,,,,,,,,,,,,,,,,,,,,,,,,,,,,,,,NA,US,OK,Tulsa,74114,671,96.196.186.186,TRUE,U.S. Cellular,U.S. Cellular,en-US,1405384183754-0782735505087453510,3bfff0b6-7db5-4171-c550-5f350bd3ff53,,,,,,android,lge-LGUS992,6.0.1,2.6.5,v3.3.0,com.appsflyer.sender,AppsFlyer App,com.appsflyer.sender,FALSE,,7d,,,Dalvik/2.1.0 (Linux; U; Android 6.0.1; LGUS992 Build/MMB29M),,http://app.appsflyer.com/com.appsflyer.sender?pid=jumprampgames_int&c=android_us&clickid=u-ca77b8e6-31e1-67a1-8e29-9c872ea66797_1_1.697661111667386128_611&advertising_id=3bfee1b6-7db9-6181-a771-9e271bd3ff93
click,6/8/2016 10:58,6/8/2016 11:09,6/8/2016 11:09,install,,,,,SDK,,,jumprampgames_int,,,android_us,,,,,,,,,,,,,,,,,,,,,,,,,,,,,,,,NA,US,VA,Manassas,20109,511,196.9.61.19,TRUE,Sprint,Sprint,en-AU,1405384101275-7741855375704475572,3b477f4c-cf5c-4503-b6f3-b53657dc6571,,,,,,android,samsung-SM-G900P,6.0.1,2.6.5,v3.3.0,com.appsflyer.sender,AppsFlyer App,com.appsflyer.sender,FALSE,,7d,,,Dalvik/2.1.0 (Linux; U; Android 6.0.1; SM-G900P Build/MMB29M),,http://app.appsflyer.com/com.appsflyer.sender?pid=jumprampgames_int&c=android_us&clickid=u-6bcd931b-dff6-66b7-9aaf-61673a862217_1811_1.762311111667383696_178&advertising_id=3b688f6a-af9a-6912-b6f3-b92697da6971
click,6/8/2016 11:03,6/8/2016 11:09,6/8/2016 11:09,install,,,,,SDK,,,nativex_int,,,US_CPA-FBC_03-03-2016,,,,,,,74617,,,,,,,,,,,,,,,,,,,,,,,,,NA,US,TX,Houston,77009,618,192.56.15.150,FALSE,,T-Mobile,sv-SE,1405384115284-0385277814873823317,b5fc5ccb-5dbc-47bb-7731-db343bf7ffbf,,,,,,android,samsung-SGH-T999L,4.1.2,2.6.5,v3.3.0,com.appsflyer.sender,AppsFlyer App,com.appsflyer.sender,FALSE,,7d,,,Dalvik/1.6.0 (Linux; U; Android 4.1.2; SGH-T999L Build/JZO54K),,http://app.appsflyer.com/com.appsflyer.sender?pid=nativex_int&c=US_CPA-FBC_13-13-2116&advertising_id=b7ea7aab-7dba-68bb-8721-db362be7ffbe&af_siteid=76617&ACTIONID=
click,6/8/2016 11:08,6/8/2016 11:09,6/8/2016 11:09,install,,,,,SDK,,,jumprampgames_int,,,android_us,,,,,,,,,,,,,,,,,,,,,,,,,,,,,,,,NA,US,CA,Temecula,92591,803,96.119.163.91,TRUE,Verizon,Verizon Wireless,nb-NO,1405384175275-2777281725555570057,c33375c4-bbd7-40cf-bb6f-f15cf6533dfc,,,,,,android,Verizon-SM-N910V,5.1.1,2.6.5,v3.3.0,com.appsflyer.sender,AppsFlyer App,com.appsflyer.sender,FALSE,,7d,,,Dalvik/2.1.0 (Linux; U; Android 5.1.1; SM-N910V Build/LMY47X),,http://app.appsflyer.com/com.appsflyer.sender?pid=jumprampgames_int&c=android_us&clickid=u-e699e1d2-61e7-6a7b-87d3-f2813ffa687f_1_1.121672111667386196_611&advertising_id=c23389c6-bbd7-61cf-bb6f-e17ce6932dea
click,6/8/2016 11:07,6/8/2016 11:07,6/8/2016 11:07,install,,,,,SDK,,,tapjoy_int,,,TapJoy_DKNOSE_Android_FBC,,,,,,,6484ddd192e01a37d4801a5c87a4c17153469b073a362993917a02a7202d6bfa11f4b22fc70102df4373ef657f388ea927100839f183d54d7f56afd20c444f04e032ff5ca6c4164067787cb6437870bc70007c04beb55bd42f79543aef4a38de,,,,,,,,,,,,,,,,,,,,,,,,,AS,ID,JK,Cibubur,13720,None,162.253.163.89,TRUE,"""Telenor SE""","""Telenor SE""",en-GB,1405384707002-1575478115354007442,17bfc570-c1c7-470f-5ff5-5f3d60cc33b5,,,,,,android,samsung-GT-I9500,4.4.2,2.6.5,v3.3.0,com.appsflyer.sender,AppsFlyer App,com.appsflyer.sender,FALSE,,7d,,,Dalvik/1.6.0 (Linux; U; Android 4.4.2; GT-I9500 Build/KOT49H),,http://app.appsflyer.com/com.appsflyer.sender?pid=tapjoy_int&c=TapJoy_DKNOSE_Android_FBC&android_id=&mac=&advertising_id=18bec771-a1c7-681f-9ee7-7f3d61aa23b9&af_siteid=6686ddd192e11a37d6811a7c87a6c17173669b173a362993917a12a7212d6bfa11f6b22fc71112df6373ef677f388ea927111839f183d76d7f76afd21c666f16e132ff7ca6c6166167787cb6637871bc71117c16beb77bd62f79763aef6a38de
click,6/8/2016 11:05,6/8/2016 11:07,6/8/2016 11:07,install,,,,,SDK,,,tapjoy_int,,,TapJoy_SA_Android_FBC,,,,,,,48c884a518ddbd886d37f9d7533793b01c4d84acb4ee2bfb3582c034874b95820861a8440b4ffa78c920692d66e792bca95d3c859b06b56f1106034dcead8e390f203e98ad8eb1d52b20ad4c5082250f449a0897f50845754cb00dcccb7378a4,,,,,,,,,,,,,,,,,,,,,,,,,AS,SA,1,Riyadh,11411,None,93.169.63.29,TRUE,Zain KSA,,da-DK,1405384733804-5054442055147457780,c45fcff7-1467-4c43-7153-7f7715f53c77,,,,,,android,samsung-SM-P601,5.1.1,2.6.5,v3.3.0,com.appsflyer.sender,AppsFlyer App,com.appsflyer.sender,FALSE,,7d,,,Dalvik/2.1.0 (Linux; U; Android 5.1.1; SM-P601 Build/LMY47X),,http://app.appsflyer.com/com.appsflyer.sender?pid=tapjoy_int&c=TapJoy_SA_Android_FBC&android_id=&mac=&advertising_id=c67faff7-1668-6a62-8172-8f8817f93c87&af_siteid=68c886a718ddbd886d37f9d7733793b11c6d86acb6ee2bfb3782c136876b97821861a8661b6ffa78c921692d66e792bca97d3c879b16b76f1116136dcead8e391f213e98ad8eb1d72b21ad6c7182271f669a1897f71867776cb11dcccb7378a6
click,6/8/2016 11:04,6/8/2016 11:07,6/8/2016 11:07,install,,,,,SDK,,,sponsorpay_int,,,CC_AND_SA_FBC_2016-05-24,,,,,,,,,26150,,,,,,,,,,,,,,,,,,,,,,,AS,SA,1,Riyadh,11411,None,96.95.220.30,TRUE,STC,STC,en-US,1405384722524-014517318788185857,f01d056b-51d7-4430-c073-4bf4517cbccf,,,,,,android,samsung-GT-S7272,4.2.2,2.6.5,v3.3.0,com.appsflyer.sender,AppsFlyer App,com.appsflyer.sender,FALSE,,7d,,,Dalvik/1.6.0 (Linux; U; Android 4.2.2; GT-S7272 Build/JDQ39),,http://app.appsflyer.com/com.appsflyer.sender?pid=sponsorpay_int&c=CC_AND_SA_FBC_2116-17-26&clickid=e87ca6e2ac1761669afc718a711a1e67&advertising_id=&af_sub1=26171
click,6/8/2016 10:22,6/8/2016 11:06,6/8/2016 11:06,install,,,,,SDK,,,nativex_int,,,US_CPA-FBC_03-03-2016,,,,,,,19175,,,,,,,,,,,,,,,,,,,,,,,,,NA,US,FL,Tampa,33612,539,66.200.160.289,TRUE,,T-Mobile,en-US,1405381472553-7111853450557222772,cd5dfbfd-5f76-43bf-c36f-5743c1375cb3,,,,,,android,samsung-SM-N910T,5.1.1,2.6.5,v3.3.0,com.appsflyer.sender,AppsFlyer App,com.appsflyer.sender,FALSE,,7d,,,Dalvik/2.1.0 (Linux; U; Android 5.1.1; SM-N910T Build/LMY47X),,http://app.appsflyer.com/com.appsflyer.sender?pid=nativex_int&c=US_CPA-FBC_13-13-2116&advertising_id=cd7dfbed-7e76-63bf-a36e-9762a1389ab2&af_siteid=19177&ACTIONID=
click,6/8/2016 11:04,6/8/2016 11:05,6/8/2016 11:05,install,,,,,SDK,,,nativex_int,,,US_CPA-FBC_03-03-2016,,,,,,,21048,,,,,,,,,,,,,,,,,,,,,,,,,NA,US,MA,Middleboro,2346,506,66.31.185.195,TRUE,,,en-US,1405383527025-4140187855587352155,3f5f4d17-4c7c-4b5c-c533-4b1c041b7571,,,,,,android,samsung-SAMSUNG-SGH-I747,4.3,2.6.5,v3.3.0,com.appsflyer.sender,AppsFlyer App,com.appsflyer.sender,FALSE,,7d,,,Dalvik/1.6.0 (Linux; U; Android 4.3; SAMSUNG-SGH-I747 Build/JSS15J),,http://app.appsflyer.com/com.appsflyer.sender?pid=nativex_int&c=US_CPA-FBC_13-13-2116&advertising_id=3f9f6d18-6c7c-6b7c-a722-6b1a161b7981&af_siteid=21168&ACTIONID=1813
click,6/8/2016 11:04,6/8/2016 11:05,6/8/2016 11:05,install,,,,,SDK,,,nativex_int,,,AU_CPA-FBC_03-28-2016,,,,,,,25311,,,,,,,,,,,,,,,,,,,,,,,,,AU,AU,NSW,Homebush,2140,None,1.188.96.199,FALSE,Telstra,Telstra,en-AU,1405383858050-757370710045251731,c117cccf-b716-4014-b0b3-76cd5cb15c55,,,,,,android,ZTE-ZTE Blade Q Lux,5.0.2,2.6.5,v3.3.0,com.appsflyer.sender,AppsFlyer App,com.appsflyer.sender,FALSE,,7d,,,Dalvik/2.1.0 (Linux; U; Android 5.0.2; ZTE Blade Q Lux Build/LRX22G),,http://app.appsflyer.com/com.appsflyer.sender?pid=nativex_int&c=AU_CPA-FBC_13-28-2116&advertising_id=c117aaaf-b716-6116-b1b3-76ad9ab17c79&af_siteid=27311&ACTIONID=1813
click,6/8/2016 11:04,6/8/2016 11:04,6/8/2016 11:04,install,,,,,SDK,,,sponsorpay_int,,,CC_AND_Nordic_FBC_2016-05-26,,,,,,,,,37658,,,,,,,,,,,,,,,,,,,,,,,EU,NO,11,Stavanger,4027,None,68.210.160.91,TRUE,djuice,djuice,da-DK,1405383887435-2552114132453307507,c40ccbd7-c5f3-4c50-bc6f-b15676b113d7,,,,,,android,samsung-SM-G930F,6.0.1,2.6.5,v3.3.0,com.appsflyer.sender,AppsFlyer App,com.appsflyer.sender,FALSE,,7d,,,Dalvik/2.1.0 (Linux; U; Android 6.0.1; SM-G930F Build/MMB29K),,http://app.appsflyer.com/com.appsflyer.sender?pid=sponsorpay_int&c=CC_AND_Nordic_FBC_2116-17-26&clickid=17126ca7-1fbb-6aea-a19e-918a7b6aeed9&advertising_id=c61cabd7-a9f3-6a91-ba6f-b19676b113d8&af_sub1=37678&redirect=false&android_id=
click,6/8/2016 11:03,6/8/2016 11:04,6/8/2016 11:04,install,,,,,SDK,,,sponsorpay_int,,,CC_AND_AU_FBC_2016-03-28,,,,,,,,,43710,,,,,,,,,,,,,,,,,,,,,,,AU,AU,QLD,Toowoomba,4350,None,162.239.169.35,TRUE,amaysim,amaysim,en-GB,1405383845528-0141452832084757871,5b4fff0d-cff6-4546-5130-f575f3fcd6c3,,,,,,android,htc-HTC_PO582,4.4.2,2.6.5,v3.3.0,com.appsflyer.sender,AppsFlyer App,com.appsflyer.sender,FALSE,,7d,,,Dalvik/1.6.0 (Linux; U; Android 4.4.2; HTC_PO582 Build/KOT49H),,http://app.appsflyer.com/com.appsflyer.sender?pid=sponsorpay_int&c=CC_AND_AU_FBC_2116-13-28&clickid=286da976-e9cd-6e91-89b3-918ac6863e21&advertising_id=7b6fff1d-cef6-6966-9121-f787e3fad6c3&af_sub1=63711&redirect=false&android_id=
click,6/8/2016 10:58,6/8/2016 11:04,6/8/2016 11:04,install,,,,,SDK,,,nativex_int,,,CC_AND_SA_FBC_2016-06-06,,,,,,,19430,,,,,,,,,,,,,,,,,,,,,,,,,AS,SA,1,Riyadh,11411,None,51.39.39.69,FALSE,Zain KSA,Zain KSA,en-US,1405383057787-4788524745055845808,5603ddbd-43f7-4751-c353-5d345f6f705c,,,,,,android,Huawei-HUAWEI MT7-TL10,6,2.6.5,v3.3.0,com.appsflyer.sender,AppsFlyer App,com.appsflyer.sender,FALSE,,7d,,,Dalvik/2.1.0 (Linux; U; Android 6.0; HUAWEI MT7-TL10 Build/HuaweiMT7-TL10),,http://app.appsflyer.com/com.appsflyer.sender?pid=nativex_int&c=CC_AND_SA_FBC_2116-16-16&advertising_id=7613ddbd-63f7-6771-a393-9d369e6f719c&af_siteid=19631&ACTIONID=1813
click,6/8/2016 11:04,6/8/2016 11:04,6/8/2016 11:04,install,,,,,SDK,,,motive_int,,,CC_AND_US_2016-05-16_68332,,,,,,,68332,,,,,,,,,,,nativex_int,US_CPA-FBC_03-03-2016,click,6/8/2016 11:03,,,,,,,,,,,NA,US,OH,Cleveland,44134,510,198.69.69.185,TRUE,,T-Mobile,he-IL,1405383848388-2583348777537104470,c430137b-d066-4f04-7616-c71563d45bc5,,,,,,android,lge-LG-H811,6,2.6.5,v3.3.0,com.appsflyer.sender,AppsFlyer App,com.appsflyer.sender,FALSE,,7d,,,Dalvik/2.1.0 (Linux; U; Android 6.0; LG-H811 Build/MRA58K),,http://app.appsflyer.com/com.appsflyer.sender?pid=motive_int&c=CC_AND_US_2116-17-16_68332&clickid=3777783831&o=78813&af_siteid=68332&af_cost_model=&af_cost_value=&af_cost_currency=&advertising_id=a621127b-d166-6f16-8616-a81962d69bc9
click,6/8/2016 11:01,6/8/2016 11:04,6/8/2016 11:04,install,,,,,SDK,,,sponsorpay_int,,,CC_AND_SA_FBC_2016-05-24,,,,,,,,,16427,,,,,,,,,,,,,,,,,,,,,,,AS,SA,2,Jiddah,21441,None,5.81.16.68,TRUE,,,sv-SE,1405383815770-3710502755187045758,b07c7f53-4545-43dc-575f-cb5dfd557531,,,,,,android,samsung-SM-N7505,4.4.2,2.6.5,v3.3.0,com.appsflyer.sender,AppsFlyer App,com.appsflyer.sender,FALSE,,7d,,,Dalvik/1.6.0 (Linux; U; Android 4.4.2; SM-N7505 Build/KOT49H),,http://app.appsflyer.com/com.appsflyer.sender?pid=sponsorpay_int&c=CC_AND_SA_FBC_2116-17-26&clickid=921cee1aa683687e917d118a6a12f81f&advertising_id=&af_sub1=16627
click,6/8/2016 11:01,6/8/2016 11:04,6/8/2016 11:04,install,,,,,SDK,,,nativex_int,,,UK_CPA-FBC_03-03-2016,,,,,,,28066,,,,,,,,,,,,,,,,,,,,,,,,,EU,UK,BPL,Blackpool,fy4 1,826040,66.129.115.219,TRUE,,O2 - UK,en-AU,1405383725554-2532714507727805407,3f0f5fc6-1bf5-4ff4-7501-bf5d376ff776,,,,,,android,lge-LG-H815,6,2.6.5,v3.3.0,com.appsflyer.sender,AppsFlyer App,com.appsflyer.sender,FALSE,,7d,,,Dalvik/2.1.0 (Linux; U; Android 6.0; LG-H815 Build/MRA58K),,http://app.appsflyer.com/com.appsflyer.sender?pid=nativex_int&c=UK_CPA-FBC_13-13-2116&advertising_id=2f1f9fc6-1bf9-6ee6-8711-be7d286fe876&af_siteid=28166&ACTIONID=1813
click,6/8/2016 10:32,6/8/2016 11:03,6/8/2016 11:03,install,,,,,SDK,,,sponsorpay_int,,,CC_AND_SA_FBC_2016-05-24,,,,,,,,,44619,,,,,,,,,,,,,,,,,,,,,,,AS,SA,2,Jiddah,21441,None,95.165.98.99,TRUE,,,en-GB,1405382137738-2757757130557550537,f75f73f6-7345-4163-77df-3715350f14dc,,,,,,android,Lenovo-LenovoA3300-HV,4.4.2,2.6.5,v3.3.0,com.appsflyer.sender,AppsFlyer App,com.appsflyer.sender,FALSE,,7d,,,Dalvik/1.6.0 (Linux; U; Android 4.4.2; LenovoA3300-HV Build/KOT49H),,http://app.appsflyer.com/com.appsflyer.sender?pid=sponsorpay_int&c=CC_AND_SA_FBC_2116-17-26&clickid=2191b133-d692-6727-b61a-618a973d37ba&advertising_id=f77e73e6-7269-6162-88de-3719271e16da&af_sub1=66619&redirect=false&android_id=
click,6/8/2016 11:02,6/8/2016 11:03,6/8/2016 11:03,install,,,,,SDK,,,sponsorpay_int,,,CC_AND_AU_FBC_2016-03-28,,,,,,,,,13772,,,,,,,,,,,,,,,,,,,,,,,AU,AU,NSW,Sydney,2000,None,1.129.99.63,FALSE,Telstra,Telstra Mobile,en-GB,1405383758715-4707258787401241822,c54df461-f45c-457d-bc6c-534d71d171b5,,,,,,android,samsung-SM-G360G,4.4.4,2.6.5,v3.3.0,com.appsflyer.sender,AppsFlyer App,com.appsflyer.sender,FALSE,,7d,,,Dalvik/1.6.0 (Linux; U; Android 4.4.4; SM-G360G Build/KTU84P),http://offer.sponsorpay.com/mobile?appid=13772&uid=6357E881-2FE0-402D-9C55-CFB57A64DA68&pub0=1&pub1=1@AndroidMobile@GoogleMarket&client=browser,http://app.appsflyer.com/com.appsflyer.sender?pid=sponsorpay_int&c=CC_AND_AU_FBC_2116-13-28&clickid=aeb3cc1a226d6bf1b776118a1a69fe3c&advertising_id=&af_sub1=13772
click,6/8/2016 11:01,6/8/2016 11:03,6/8/2016 11:03,install,,,,,SDK,,,sponsorpay_int,,,CC_AND_SA_FBC_2016-05-24,,,,,,,,,21056,,,,,,,,,,,,,,,,,,,,,,,AS,SA,4,Ad Dammam,31463,None,98.96.116.63,TRUE,etisalat,Mobily-KSA,en-US,1405383752720-3071580552754282424,cd66bd5b-733b-4f71-7336-0f0c14f7f3bc,,,,,,android,samsung-GT-I9300I,4.4.4,2.6.5,v3.3.0,com.appsflyer.sender,AppsFlyer App,com.appsflyer.sender,FALSE,,7d,,,Dalvik/1.6.0 (Linux; U; Android 4.4.4; GT-I9300I Build/KTU84P),,http://app.appsflyer.com/com.appsflyer.sender?pid=sponsorpay_int&c=CC_AND_SA_FBC_2116-17-26&clickid=823b6dca-bad2-66c8-a762-a18ae71271b6&advertising_id=ad66bd9b-733b-6f81-8326-1f1a16f8f3ba&af_sub1=21176&redirect=false&android_id=ea66a8a7eced2e7
click,6/8/2016 11:01,6/8/2016 11:03,6/8/2016 11:03,install,,,,,SDK,,,sponsorpay_int,,,CC_AND_Nordic_FBC_2016-05-26,,,,,,,,,22942,,,,,,,,,,,,,,,,,,,,,,,EU,NO,6,Drammen,3012,None,65.165.19.156,TRUE,djuice,N Telenor,sv-SE,1405383837004-025757547373420445,f401445d-70fb-4701-cfdc-153bd5435410,,,,,,android,samsung-SM-G900F,5,2.6.5,v3.3.0,com.appsflyer.sender,AppsFlyer App,com.appsflyer.sender,FALSE,,7d,,,Dalvik/2.1.0 (Linux; U; Android 5.0; SM-G900F Build/LRX21T),,http://app.appsflyer.com/com.appsflyer.sender?pid=sponsorpay_int&c=CC_AND_Nordic_FBC_2116-17-26&clickid=32c6fd22-8889-66ff-a8b1-618a62c1336e&advertising_id=e611669d-71eb-6811-aedc-172bd9637611&af_sub1=22962&redirect=false&android_id=
click,6/8/2016 11:02,6/8/2016 11:02,6/8/2016 11:02,install,,,,,SDK,,,jumprampgames_int,,,android_us,,,,,,,,,,,,,,,,,,,,,,,,,,,,,,,,NA,US,TX,Arlington,76011,623,192.56.9.93,FALSE,,T-Mobile,en-GB,1405383700707-1125207777548127175,373b54f7-74bc-4317-cf31-65f03cd5d565,,,,,,android,samsung-SM-J700T,6.0.1,2.6.5,v3.3.0,com.appsflyer.sender,AppsFlyer App,com.appsflyer.sender,FALSE,,7d,,,Dalvik/2.1.0 (Linux; U; Android 6.0.1; SM-J700T Build/MMB29K),,http://app.appsflyer.com/com.appsflyer.sender?pid=jumprampgames_int&c=android_us&clickid=u-d976286d-192f-6a11-9676-97a11e796db9_1811_1.693612111667383712_178&advertising_id=383b96f8-76bc-6317-ae21-69e13cd7d969
click,6/8/2016 11:01,6/8/2016 11:02,6/8/2016 11:02,install,,,,,SDK,,,sponsorpay_int,,,CC_AND_Nordic_FBC_2016-05-26,,,,,,,,,8184,,,,,,,,,,,,,,,,,,,,,,,EU,SE,O,Brastad,454 21,None,213.66.220.15,TRUE,Telia,Telia,da-DK,1405383757325-1035837727417578557,630350f1-7145-4cc5-c5c3-5f7743cc4455,,,,,,android,samsung-SM-J500FN,5.1.1,2.6.5,v3.3.0,com.appsflyer.sender,AppsFlyer App,com.appsflyer.sender,FALSE,,7d,,,Dalvik/2.1.0 (Linux; U; Android 5.1.1; SM-J500FN Build/LMY48B),,http://app.appsflyer.com/com.appsflyer.sender?pid=sponsorpay_int&c=CC_AND_Nordic_FBC_2116-17-26&clickid=d19e1aa2-7a66-68e9-81ad-818a11176acc&advertising_id=631271f1-7169-6ac9-a9a3-7f8762ca6699&af_sub1=8186&redirect=false&android_id=
click,6/8/2016 11:01,6/8/2016 11:02,6/8/2016 11:02,install,,,,,SDK,,,nativex_int,,,US_CPA-FBC_03-03-2016,,,,,,,74626,,,,,,,,,,,,,,,,,,,,,,,,,NA,US,MI,Decker,48426,505,209.80.216.2,TRUE,VietnaMobile,VietnaMobile,en-US,1405383735052-5325155242217383550,f45567c3-dc43-46b3-7dfd-f476c54753cc,,,,,,android,samsung-SM-T217S,4.2.2,2.6.5,v3.3.0,com.appsflyer.sender,AppsFlyer App,com.appsflyer.sender,FALSE,,7d,,,Dalvik/1.6.0 (Linux; U; Android 4.2.2; SM-T217S Build/JDQ39),,http://app.appsflyer.com/com.appsflyer.sender?pid=nativex_int&c=US_CPA-FBC_13-13-2116&advertising_id=e69768c2-dc62-66b3-8ded-e676a76773cc&af_siteid=76626&ACTIONID=
click,6/8/2016 10:59,6/8/2016 11:02,6/8/2016 11:02,install,,,,,SDK,,,nativex_int,,,US_CPA-FBC_03-03-2016,,,,,,,19430,,,,,,,,,,,,,,,,,,,,,,,,,NA,US,NY,Staten Island,10306,501,96.113.195.165,TRUE,,Simple Mobile,en-US,1405383715088-5508401455248781271,7745ff1c-365c-4cf5-5f73-3f557fc5c575,,,,,,android,samsung-SAMSUNG-SM-N900A,4.4.4,2.6.5,v3.3.0,com.appsflyer.sender,AppsFlyer App,com.appsflyer.sender,FALSE,,7d,,,Dalvik/1.6.0 (Linux; U; Android 4.4.4; SAMSUNG-SM-N900A Build/KTU84P),,http://app.appsflyer.com/com.appsflyer.sender?pid=nativex_int&c=US_CPA-FBC_13-13-2116&advertising_id=8769fe1a-269c-6ae7-9f82-3f998fa7a977&af_siteid=19631&ACTIONID=1813
